domain,Include as News? (Y/N),Coding Notes,score,rounded_n_shares,rounded_n_accts,fb_score,mturk_score,budak_score,allsides_score,allsides_score_community,pew_score,news_fakenews_proj,news_googlenews,news_manual,news_tvnews_data,news_webshrinker,news_ribiero,news_n,news_is_news
cnn.com,Y,,-0.1183,375700,98300,-0.2705,-0.6666666667,-0.0238744884,0,-0.5,-0.222,1,,,,1,1,2,1
buzzfeed.com,Y,,-0.1616,274600,79800,-0.5242,-0.5,,-0.5,-0.5,-0.028,1,,,,1,1,2,1
wordpress.com,N,,0.0898,696000,74000,,,,,,,,,,1,0,1,1,1
wsj.com,Y,,0.0106,305000,64400,0.2754,-0.1666666667,0.05,,,-0.024,1,,,1,0,1,2,1
usatoday.com,y,,0.0582,167000,61800,-0.0635,-0.25,0.007747933884,0,0,-0.078,1,,,,1,1,2,1
forbes.com,y,,0.0465,198700,57200,0.0563,0,,0,0.5,,1,,,,1,1,2,1
twitpic.com,n,Dead site,0.1025,272200,57100,,,,,,,,0,,,1,1,1,1
mashable.com,y,,-0.1223,194600,50900,-0.4106,-0.1666666667,,,,,1,,,,0,1,1,1
businessinsider.com,y,,-0.0373,137800,47000,-0.0585,0,,0,0,,1,,,,0,0,1,1
nbcnews.com,y,,-0.1558,118300,45800,-0.2735,-0.5833333333,-0.003544902093,-0.5,-0.5,-0.212,1,,,,1,1,2,1
bloomberg.com,y,,-0.0792,158700,45400,-0.1565,-0.08333333333,,0,0,-0.054,1,,,,1,0,2,1
politico.com,y,,-0.1914,162700,43900,-0.1334,-0.08333333333,,-0.5,0,-0.07,1,,,,0,1,1,1
cbsnews.com,y,,-0.017,87900,37500,-0.127,-0.08333333333,,,,-0.178,1,,,,1,1,2,1
reuters.com,y,,-0.1287,105400,32400,-0.0945,-0.25,-0.00866851595,0,0,,1,,,,0,1,1,1
change.org,n,,-0.137,93700,29200,,,,,,,0,,,,1,1,1,1
money.cnn.com,y,,-0.0822,61900,28800,-0.2565,0,,,,,1,,,,0,1,1,1
nypost.com,y,,0.1813,73600,26900,0.2497,-0.3333333333,,1,0.5,,1,,,,1,1,2,1
apne.ws,n,link shortening service?,-0.06,87300,25700,,,,,,,,,,,1,1,1,1
techcrunch.com,y,,-0.1058,81400,23700,,,,0,-0.5,,1,,,,1,1,2,1
cnbc.com,y,,0.0811,62800,23300,0.0503,-0.25,,0,-0.5,,1,,,,0,1,1,1
bizjournals.com,y,,0.1077,84600,18600,,,,,,,1,,,,1,1,2,1
inc.com,y,,0.0979,59600,17700,,,,,,,1,,,,1,1,2,1
eonline.com,y,,0.0756,43500,17700,,0,,,,,1,,,,0,1,1,1
thehill.com,y,,-0.06,53100,17600,0.1661,-0.1666666667,,,,,1,,,,1,1,2,1
cbslocal.com,y,,0.1124,45100,17200,,,,,,,,,1,1,1,1,2,1
entrepreneur.com,y,,0.1509,68500,16600,,,,,,,1,,,,0,1,1,1
fortune.com,y,,-0.08,42000,16200,,-0.1666666667,,,,,1,,,,0,1,1,1
abcnews.go.com,y,,-0.0384,22900,14600,-0.1605,0,,-0.5,0,-0.174,1,0,,,1,1,2,1
mtv.com,n,,-0.105,29300,14400,,-0.3333333333,,,,,1,,,,0,1,1,1
hbr.org,y,,-0.0821,50300,14100,,,,,,,1,,,,0,1,1,1
fastcompany.com,y,,-0.1846,36200,13900,,,,,,,1,,,,0,1,1,1
adweek.com,y,,-0.1908,43800,12900,,,,,,,1,,,,0,1,1,1
miamiherald.com,y,,-0.0444,44100,12500,-0.3418,-0.1666666667,,-0.5,-0.5,,1,,,1,1,1,3,1
telegraph.co.uk,y,non US,-0.0634,20200,12400,0.0269,-0.1666666667,,0.5,0.5,,1,,,,1,1,2,1
chicagotribune.com,y,,-0.1587,19500,12200,-0.3117,0,-0.00162469537,0,0,,1,,,,1,1,2,1
aol.com,y,,0.005,42900,11900,0.0133,0,,,,,,1,,,1,1,1,1
news.yahoo.com,y,,0.0848,29600,11800,0.0493,,,,,,,0,,,1,1,1,1
on.natgeo.com,y,,-0.1397,34200,11400,,,,,,,,,,,1,1,1,1
cnet.com,y,,0.0183,32700,11000,,-0.1666666667,,,,,1,,,,1,0,2,1
on.today.com,y,,0.1081,22600,10300,,,,,,,,,,,1,1,1,1
ft.com,y,,-0.1956,30600,9800,,,,,,,1,,,,0,1,1,1
engadget.com,y,,-0.0405,29000,9800,,0,,,,,1,,,,0,1,1,1
finance.yahoo.com,y,,0.1467,23200,9600,0.0777,0,,,,,1,,,,0,1,1,1
thenextweb.com,y,,-0.1059,23400,8700,,,,,,,,1,,,1,0,1,1
people.com,y,,-0.0398,13300,8200,-0.2034,-0.08333333333,,,,,1,,,,0,1,1,1
online.wsj.com,y,,0.0408,16600,7800,0.2764,,,0,0.5,,,0,,,1,1,1,1
philly.com,y,,-0.1823,30300,7500,-0.3668,,,,,,1,,,1,1,1,3,1
weather.com,y,,0.1502,11900,7200,,0,,,,,,1,,,1,1,1,1
today.com,y,,0.0618,11600,7200,-0.1668,-0.1666666667,,-0.5,-0.5,,1,,,,0,1,1,1
azcentral.com,y,,0.1353,38200,7100,-0.1731,,,,,,1,,,1,1,1,3,1
a.msn.com,y,,0.0607,45000,6800,,,,,,,,0,,,1,1,1,1
blogs.wsj.com,y,,-0.064,12900,6800,-0.0746,,,,,,1,,,,0,1,1,1
elitedaily.com,y,,0.0368,11200,6500,-0.2558,-0.08333333333,,,,,,1,,,1,1,1,1
uproxx.com,y,,-0.1959,9600,6300,-0.4468,,,,,,1,,,,0,0,1,1
thoughtcatalog.com,y,,-0.1515,15600,6300,,,,,,,,0,,,1,0,1,1
prnewswire.com,n,,0.0483,10100,6100,,,,,,,1,,,,1,1,2,1
bigstory.ap.org,y,,-0.0986,13300,6000,-0.2022,,,,,,,0,,,1,1,1,1
adage.com,y,,-0.1935,24500,5900,,0,,,,,1,,,,0,1,1,1
nj.com,y,,-0.1036,17800,5900,-0.2969,0,,,,,1,,,1,1,1,3,1
ign.com,n,,0.0061,16000,5800,,,,,,,1,,,,0,1,1,1
observer.com,y,,-0.1827,10600,5700,,,,0,1,,1,,,,1,1,2,1
mediaite.com,y,,0.1359,8700,5600,-0.1326,0.25,,-0.5,0,,1,,,,1,1,2,1
usnews.com,y,,-0.1304,8300,5300,-0.0392,0,,-0.5,0,,1,,,,1,1,2,1
startribune.com,y,,-0.1326,8100,5200,,,,,,,1,,,1,1,1,3,1
venturebeat.com,y,,-0.0788,11800,5100,,,,,,,1,,,,0,0,1,1
sfgate.com,y,,-0.1764,7000,5100,-0.581,,,-0.5,-0.5,,1,,,1,1,1,3,1
ellentube.com,n,,0.0376,6800,5100,,,,,,,1,,,,0,1,1,1
tampabay.com,y,,0.0938,22100,5000,-0.4745,,,,,,1,,,1,1,1,3,1
billboard.com,y,,-0.1904,9100,5000,,0,,,,,1,,,,0,1,1,1
blogs.edweek.org,y,,-0.1218,23600,4900,,,,,,,1,,,,0,1,1,1
popsugar.com,y,,0.0221,10500,4900,,0,,,,,1,,,,0,1,1,1
theweek.com,y,,-0.1771,7300,4800,-0.1809,-0.3333333333,,0,0,,1,,,,1,1,2,1
tmz.com,y,,0.0672,9000,4600,,-0.25,,,,,1,,,,0,1,1,1
blogtalkradio.com,n,,-0.008,40600,4600,,,,,,,,0,,,1,1,1,1
post-gazette.com,y,,-0.0408,20400,4600,,,,0.5,0,,1,,,1,1,1,3,1
zdnet.com,y,,0.1003,11600,4500,,,,,,,1,,,,0,0,1,1
patch.com,y,,0.0187,13100,4500,-0.0102,,,,,,1,,,,1,1,2,1
kansascity.com,y,,0.1377,13200,4400,-0.4023,0,,,,,1,,,1,1,1,3,1
newsobserver.com,y,,-0.1549,15200,4200,,,,,,,1,,,1,0,1,2,1
lifehacker.com,y,,-0.0859,7700,4200,,,,0,-0.5,,1,,,,1,1,2,1
denverpost.com,y,,0.0352,11800,4200,-0.2012,0,,,,,1,,,1,1,1,3,1
orlandosentinel.com,y,,0.1924,14300,4100,,,,,,,1,,,1,1,1,3,1
sciencedaily.com,y,,-0.1444,16500,4000,,,,0,-0.5,,,1,,,1,1,1,1
issuu.com,n,,-0.0242,7300,3900,,,,,,,,,,1,0,1,1,1
courier-journal.com,y,,0.0697,17900,3900,,,,-0.5,-0.5,,,,,1,0,1,1,1
charlotteobserver.com,y,,0.009,12500,3800,,,,,,,1,,,1,1,1,3,1
6abc.com,y,,0.0414,10600,3700,-0.5037,,,,,,1,,,,1,1,2,1
rt.com,y,This is center?,0.1466,7900,3700,-0.1488,0.25,,,,,1,,,,0,0,1,1
edweek.org,y,,-0.1941,11600,3700,,,,,,,1,,,,0,1,1,1
foodandwine.com,y,,-0.0736,9400,3600,,,,,,,1,,,,0,1,1,1
9news.com,y,,0.152,11700,3600,-0.032,0,,,,,1,,,1,1,1,3,1
edition.cnn.com,y,,-0.1564,4600,3600,-0.2615,,,,,,,1,,,1,1,1,1
pagesix.com,y,,-0.0621,8400,3500,,,,,,,1,,,,0,1,1,1
abc7ny.com,y,,-0.1432,8800,3400,,,,,,,1,,,1,1,1,3,1
hotnewhiphop.com,y,,0.0102,10100,3400,,0,,,,,1,,,,0,1,1,1
indystar.com,y,,-0.0714,4600,3400,,-0.1666666667,,,,,1,,,1,1,1,3,1
mcclatchydc.com,y,,-0.1175,5400,3300,,,,,,,1,,,,1,1,2,1
triblive.com,y,,0.1962,10900,3300,,,,,,,1,,,1,1,1,3,1
mirror.co.uk,y,Not u.s. ,0.1505,4300,3300,,-0.08333333333,,,,,,1,,,1,1,1,1
businesswire.com,y,,0.0983,6200,3200,,,,,,,0,,,,1,1,1,1
etonline.com,y,,0.0149,5500,3100,,,,,,,1,,,,0,1,1,1
sun-sentinel.com,y,,0.1319,12200,3100,,0,,,,,1,,,1,1,1,3,1
gma.yahoo.com,y,,0.1235,4800,3100,-0.0472,,,,,,,0,,,1,1,1,1
c-span.org,y,,-0.1794,4200,3100,-0.0442,,,0,0,,1,,,,0,0,1,1
tvline.com,y,,-0.1222,9900,3000,,,,,,,1,,,,0,1,1,1
ww2.kqed.org,y,,-0.1793,6900,3000,,,,,,,1,,,,1,1,2,1
chron.com,y,,-0.1725,3700,3000,,,,,,,,,,1,1,1,2,1
nbcnewyork.com,y,,-0.1795,4900,2900,-0.3704,,,,,,1,,,1,1,1,3,1
buffalonews.com,y,,-0.0199,11100,2900,,,,,,,1,,,1,1,1,3,1
bostonherald.com,y,,0.0754,6600,2900,,,,,,,1,,,1,1,1,3,1
newsday.com,y,,-0.0843,8100,2800,,,,,,,,,,1,1,1,2,1
inquisitr.com,y,This is center? ,0.0363,4800,2800,0.0977,-0.1666666667,,,,,1,,,,1,1,2,1
gallup.com,n,,-0.1041,3700,2700,,,,0,0,,1,,,,0,1,1,1
timesofisrael.com,y,Not u.s. ,0.1806,7800,2700,0.3685,,,,,,1,,,,1,1,2,1
nola.com,y,,0.063,7800,2600,-0.2175,,,,,,1,,,1,1,1,3,1
mercurynews.com,y,,-0.1167,3400,2600,,0,,-0.5,-0.5,,1,,,1,1,1,3,1
detroitnews.com,y,,0.0931,3500,2500,,0.3333333333,,,,,1,,,1,1,1,3,1
tennessean.com,y,,0.1288,3600,2500,,0,,,,,1,,,1,0,1,2,1
money.us,y,,0.056,7200,2500,,,,,,,1,,,,0,1,1,1
cbs.com,y,,-0.0024,3500,2500,,,,-0.5,0,,1,,,,0,1,1,1
courant.com,y,,-0.1115,10200,2400,-0.1968,,,,,,1,,,1,1,1,3,1
us.cnn.com,y,,-0.0077,3500,2400,,,,,,,,0,,,1,1,1,1
wral.com,y,,0.0718,5400,2400,-0.0685,,,,,,1,,,1,1,1,3,1
metro.co.uk,y,Not U.S. ,-0.1239,3000,2400,,-0.25,,,,,,1,,,1,1,1,1
snopes.com,y,,-0.165,3000,2400,,-0.1666666667,,,,,0,,,,1,0,1,1
ajc.com,y,,-0.0813,2900,2300,,0,,-0.5,0,,,,,1,1,1,2,1
digg.com,y,,-0.1212,4900,2300,,,,,,,1,,,,1,0,2,1
kentucky.com,y,,0.0917,13000,2300,,,,,,,1,,,1,1,1,3,1
theringer.com,y,,-0.1677,4600,2300,,,,,,,1,,,,1,1,2,1
reviewjournal.com,y,,0.1918,8000,2200,,,,,,,1,,,1,1,1,3,1
smh.com.au,y,Not u.s. ,-0.1802,2700,2200,,0,,,,,,1,,,1,1,1,1
abc7.com,y,,0.0957,3100,2200,-0.31,,,,,,1,,,1,1,1,3,1
upi.com,y,,0.0385,3200,2200,,0,,,,,,1,,,1,1,1,1
someecards.com,n,,-0.1755,3800,2200,,,,,,,1,,,,0,1,1,1
cleveland.com,y,,-0.047,2900,2200,-0.4428,,,,,,,,,1,1,1,2,1
sltrib.com,y,,0.1265,5700,2200,,-0.1666666667,,,,,1,,,1,1,1,3,1
thewrap.com,y,,-0.1989,2800,2100,,,,,,,1,,,,1,1,2,1
lohud.com,y,,-0.1004,10800,2100,,,,,,,,,,1,1,1,2,1
cincinnati.com,y,,0.1238,5500,2100,,0,,,,,,,,1,1,1,2,1
blog.twitter.com,n,,-0.157,3400,2100,,,,,,,1,,,,1,1,2,1
mnn.com,y,,-0.1989,3300,2100,,,,,,,,1,,,1,1,1,1
freep.com,y,,-0.1156,2700,2100,-0.4596,0.1666666667,,,,,,,,1,1,1,2,1
theadvocate.com,y,,0.159,12100,2000,,,,,,,1,,,1,1,1,3,1
thestreet.com,y,,0.1554,8000,2000,,,,,,,1,,,,0,0,1,1
ibtimes.co.uk,y,Not u.s.,-0.119,2300,2000,,,,,,,,1,,,1,1,1,1
palmbeachpost.com,y,,0.0766,5600,2000,,,,,,,,,,1,1,1,2,1
thetimes.co.uk,y,Not u.s. ,-0.1205,2600,2000,,,,,,,1,,,,1,1,2,1
digitaltrends.com,y,,0.0057,5000,1900,,,,,,,,1,,,1,1,1,1
stltoday.com,y,,-0.0203,2600,1900,-0.309,,,,,,,,,1,1,1,2,1
abc7chicago.com,y,,0.087,2300,1900,-0.503,,,,,,1,,,1,1,1,3,1
elitedai.ly,y,,-0.0001,5600,1900,,,,,,,,,,,1,1,1,1
wjla.com,y,,-0.1817,3200,1900,-0.3195,0,,,,,1,,,1,1,1,3,1
northjersey.com,y,,-0.0732,6100,1900,,,,,,,,,,1,1,1,2,1
jsonline.com,y,,-0.0542,2300,1800,-0.4045,,,,,,1,,,1,0,1,2,1
app.com,y,,0.0875,7300,1800,,,,,,,,,,1,1,1,2,1
nbcphiladelphia.com,y,,-0.1082,3300,1800,-0.3285,,,,,,1,,,1,1,1,3,1
geekwire.com,y,,-0.0843,2700,1800,,,,,,,,1,,,1,1,1,1
bravotv.com,n,,-0.007,2900,1800,,,,,,,1,,,,0,1,1,1
timesunion.com,y,,-0.1695,5400,1800,,,,,,,,,,1,1,1,2,1
pennlive.com,y,,0.1539,7000,1700,,,,,,,1,,,1,1,1,3,1
usmagazine.com,y,,-0.039,2400,1700,,0,,,,,1,,,,0,1,1,1
boston.cbslocal.com,y,,-0.0253,2800,1700,,,,,,,1,,,,1,1,2,1
mindbodygreen.com,y,,-0.0616,5600,1700,,,,,,,1,,,,0,1,1,1
altpress.com,y,,-0.014,3900,1700,,,,,,,1,,,,1,1,2,1
wcvb.com,y,,-0.1752,2800,1700,-0.185,,,,,,1,,,1,1,1,3,1
newyork.cbslocal.com,y,,0.0557,2600,1700,-0.2017,0,,,,,,1,,,1,1,1,1
syracuse.com,y,,0.0103,4400,1700,,,,,,,,,,1,1,1,2,1
theregister.co.uk,y,Not u.s. ,0.0559,3000,1600,,,,,,,,1,,,1,1,1,1
techrepublic.com,y,,0.0603,5600,1600,,,,,,,1,,,,1,0,2,1
al.com,y,,0.0245,1900,1600,0.009,0,,,,,,,,1,1,1,2,1
on.rocne.ws,n,,0.0455,9200,1600,,,,,,,,,,,1,1,1,1
livescience.com,y,,-0.1171,3000,1600,,,,,,,1,,,,0,0,1,1
abc13.com,y,,0.0947,1900,1600,0.0097,-0.08333333333,,,,,,,,1,1,1,2,1
france24.com,y,Not u.s. ,-0.1466,3400,1600,,,,,,,,1,,,1,1,1,1
sacbee.com,y,,-0.1316,2000,1600,,,,-0.5,-0.5,,1,,,1,1,1,3,1
latimesblogs.latimes.com,y,,-0.1722,1900,1500,,,,,,,,,,,1,1,1,1
patheos.com,y,,0.1548,4700,1500,-0.2624,,,,,,1,,,,0,1,1,1
tallahassee.com,y,,0.179,8900,1500,,,,-1,0,,,,,1,1,1,2,1
wimp.com,n,,0.0549,2200,1500,,,,,,,,0,,,1,1,1,1
sciencealert.com,y,,-0.1796,2800,1500,,,,,,,,1,,,1,0,1,1
screen.yahoo.com,y,,0.046,1900,1500,,,,-0.5,-0.5,,,,,,1,1,1,1
lasvegassun.com,y,,0.0727,4100,1500,,,,-0.5,0,,1,,,1,1,1,3,1
breakingnews.com,n,Link doesn't load ,0.0897,2700,1400,,,,,,,1,,,,1,1,2,1
adn.com,y,,-0.1124,4400,1400,,,,,,,1,,,1,1,1,3,1
blogs.kqed.org,y,,-0.1652,3200,1400,,,,,,,,,,,1,1,1,1
kgw.com,y,,-0.1708,5800,1400,-0.2359,,,,,,,,,1,1,1,2,1
bgr.com,y,,0.0869,2400,1400,,0,,,,,,1,,,1,1,1,1
twitition.com,n,Link doesn't load,0.072,2300,1400,,,,,,,,,0,,1,1,1,1
womenshealthmag.com,y,,0.0844,2500,1400,,,,,,,1,,,,1,1,2,1
politicalticker.blogs.cnn.com,y,,0.0234,1800,1300,,,,,,,,,,,1,1,1,1
heavy.com,y,,-0.0231,1700,1300,,0,,,,,,1,,,1,1,1,1
nasa.tumblr.com,n,,-0.0812,1900,1300,,,,,,,1,,,,0,1,1,1
mlive.com,y,,-0.036,1700,1300,,,,,,,,,,1,1,1,2,1
abc11.com,y,,0.1256,2600,1300,-0.19,,,,,,,,,1,1,1,2,1
cntraveler.com,y,,-0.0855,2700,1300,,,,,,,,1,,,1,1,1,1
king5.com,y,,-0.0595,1800,1300,,,,,,,1,,,1,1,1,3,1
phy.so,y,,-0.1865,4400,1300,,,,,,,,0,,,1,1,1,1
trendsmap.com,y,,-0.0021,1700,1300,,,,,,,,0,,,1,1,1,1
globalnews.ca,y,Not u.s. ,-0.0515,1500,1300,,,,,,,,1,,,1,1,1,1
wsbtv.com,y,,0.063,1700,1300,-0.0872,,,,,,,,,1,1,1,2,1
twentytwowords.com,y,,-0.0186,1500,1300,,,,,,,1,,,,1,1,2,1
news.com.au,y,Not u.s. ,0.0545,1400,1300,,-0.4166666667,,,,,,1,,,1,0,1,1
uncrate.com,y,,0.0575,2600,1300,,,,,,,,0,,,1,1,1,1
news.msn.com,y,,0.1119,3900,1300,-0.0623,,,,,,,,,,1,1,1,1
graphics.wsj.com,y,,-0.1933,1700,1200,,,,,,,1,,,,0,1,1,1
mcall.com,y,,0.1789,4300,1200,,,,,,,1,,,1,1,1,3,1
wsvn.com,y,,0.0577,2800,1200,,,,,,,,,,1,0,1,1,1
myspace.com,n,,-0.0941,2300,1200,,,,,,,,,,1,0,0,1,1
wtop.com,y,,-0.0792,2300,1200,,0,,,,,1,,,,1,1,2,1
history.com,n,,0.1625,1600,1200,,0,,,,,1,,,,0,1,1,1
bloombergview.com,y,,-0.0248,1800,1200,,,,,,,,0,,,1,1,1,1
dispatch.com,y,,-0.1494,1400,1200,,,,,,,,,,1,1,1,2,1
rollcall.com,y,,-0.1641,1800,1200,,-0.1666666667,,,,,1,,,,0,1,1,1
rgj.com,y,,0.1664,4500,1200,,,,,,,,,,1,0,1,1,1
on.wgrz.com,n,,0.1647,3400,1100,,,,,,,,,,,1,1,1,1
dribbble.com,n,,-0.1411,7100,1100,,0,,,,,,0,,,1,1,1,1
philadelphia.cbslocal.com,y,,0.1195,2100,1100,,,,,,,1,,,,1,1,2,1
scmp.com,y,Not u.s. ,-0.1861,2200,1100,,,,,,,,1,,,1,1,1,1
techdirt.com,y,,-0.1785,2500,1100,,,,,,,,1,,,1,0,1,1
collective-evolution.com,y,This is center?,0.0065,1700,1100,-0.3014,,,,,,1,,,,1,1,2,1
coloradoan.com,y,,0.0497,4400,1100,,,,,,,,,,1,1,1,2,1
standard.co.uk,y,Not u.s. ,-0.1348,1300,1100,,,,,,,1,,,,0,1,1,1
democratandchronicle.com,y,,0.0169,4300,1100,,-0.08333333333,,,,,1,,,1,1,1,3,1
distractify.com,y,,-0.1671,1300,1100,,-0.1666666667,,,,,,0,,,1,1,1,1
aplus.com,y,,-0.1247,1700,1100,,,,,,,,1,,,1,1,1,1
abc7news.com,y,,0.0002,1500,1100,,,,,,,1,,,1,1,1,3,1
fox5dc.com,y,,0.1478,2100,1100,,,,,,,,,,1,1,1,2,1
perezhilton.com,y,,-0.1498,1500,1100,,-0.08333333333,,,,,1,,,,0,1,1,1
local10.com,y,,0.0798,2200,1100,-0.3545,,,,,,,,,1,1,1,2,1
digitaljournal.com,y,,0.0034,2400,1100,,,,,,,1,,,,1,1,2,1
holykaw.alltop.com,y,,0.0363,1700,1000,,,,,,,1,,,,0,1,1,1
blogs.forbes.com,y,,-0.0195,1600,1000,,,,,,,,,,,1,1,1,1
thedenverchannel.com,y,,-0.0128,2500,1000,-0.012,,,,,,1,,,1,1,1,3,1
futurism.com,y,,-0.1055,2700,1000,,,,,,,,1,,,1,1,1,1
teamcoco.com,n,,-0.143,1200,1000,,,,,,,1,,,,0,1,1,1
accesshollywood.com,y,,0.0582,1300,1000,,,,,,,1,,,,0,1,1,1
abqjournal.com,y,,-0.1089,3600,1000,,,,,,,,,,1,1,1,2,1
chicago.suntimes.com,y,,-0.1655,1200,1000,,-0.4166666667,,-0.5,-0.5,,1,,,,1,1,2,1
statesmanjournal.com,y,,-0.0928,4300,1000,,,,,,,1,,,1,1,1,3,1
blog.sfgate.com,y,,-0.1551,1200,1000,,,,,,,1,,,,1,1,2,1
google.org,n,,-0.0944,1100,1000,,,,,,,,0,,,1,1,1,1
consumerist.com,y,,-0.1524,2000,1000,,,,,,,,0,,,1,1,1,1
statesman.com,y,,-0.0242,1300,1000,,,,,,,,,,1,1,1,2,1
host.madison.com,y,,-0.1919,1300,1000,-0.7585,,,,,,1,,,,1,1,2,1
health.usnews.com,y,,0.1065,2000,1000,,,,,,,,1,,,1,1,1,1
screengrabber.deadspin.com,y,,0.0727,1100,1000,,,,,,,,1,,,1,1,1,1
blog.timesunion.com,y,,-0.1666,3300,1000,,,,,,,,1,,,1,1,1,1
wtae.com,y,,0.1028,1800,1000,,,,,,,1,,,1,1,1,3,1
on.wusa9.com,y,,-0.1811,1700,1000,,,,,,,,,,,1,1,1,1
nzherald.co.nz,n,foreign,-0.116,1200,1000,,,,,,,,1,,,1,1,1,1
nbcmiami.com,y,,0.0363,2300,1000,,,,,,,1,,,1,1,1,3,1
religionnews.com,y,,-0.1103,2500,900,,,,,,,,1,,,1,1,1,1
wdrb.com,y,,0.1767,4600,900,,0,,,,,1,,,,1,1,2,1
usnews.nbcnews.com,y,,-0.0498,1200,900,,,,,,,,,,,1,1,1,1
mycentraljersey.com,y,,0.0879,5400,900,,,,,,,,,,1,1,1,2,1
kicksonfire.com,n,reviews,0.0287,3400,900,,,,,,,,1,,,1,1,1,1
modernhealthcare.com,y,,-0.0943,5000,900,,,,,,,,1,,,1,1,1,1
news.blogs.cnn.com,y,,-0.0487,1100,900,,,,,,,,,,,1,1,1,1
mysanantonio.com,y,,0.0318,1000,900,,,,,,,,,,1,1,1,2,1
citizen-times.com,y,,-0.0089,3800,900,,,,,,,,,,1,1,1,2,1
australiaplus.com,n,foreign,-0.1299,1100,900,,,,,,,,0,,,1,1,1,1
twistedsifter.com,y,,-0.1674,1300,900,,0,,,,,,0,,,1,1,1,1
abcnews.com,y,,0.0014,1100,900,,,,,,,,,,,1,1,1,1
matadornetwork.com,y,,-0.1469,1200,900,,,,,,,,0,,,1,1,1,1
smallbiztrends.com,y,,0.1559,1600,900,,,,,,,,1,,,1,1,1,1
news.google.com,n,can't deal with google news,-0.1244,2500,900,,,,,,-0.068,,0,,,1,1,1,1
brainyquote.com,n,not current events,0.1816,2600,900,,,,,,,,0,,,1,1,1,1
myfoxdc.com,y,,0.1737,1400,900,,,,,,,,,,,1,1,1,1
sandiegouniontribune.com,y,,-0.0839,1100,900,,,,,,,1,,,1,1,1,3,1
starwars.com,n,,0.0986,1200,900,,,,,,,0,,,,1,1,1,1
realsimple.com,n,,0.1224,1200,900,,,,,,,1,,,,0,1,1,1
csnphilly.com,y,,0.1431,2000,800,,,,,,,1,,,,0,1,1,1
nbcchicago.com,y,,0.0766,1100,800,-0.3416,-0.25,,,,,1,,,1,1,1,3,1
allthingsd.com,y,,-0.1642,1200,800,,,,,,,,,,,1,1,1,1
wpxi.com,y,,0.176,1600,800,,,,,,,1,,,1,1,1,3,1
theepochtimes.com,y,,0.0084,1700,800,,,,,,,,1,,,1,1,1,1
bangordailynews.com,y,,-0.1939,3700,800,-0.1732,,,,,,1,,,1,1,1,3,1
eschoolnews.com,y,,0.0974,2100,800,,,,,,,,,,,1,1,1,1
newatlas.com,y,,-0.024,1600,800,,,,,,,,1,,,1,1,1,1
tech.co,y,,-0.0492,1400,800,,,,,,,,0,,,1,1,1,1
myfoxphilly.com,y,,0.1694,1300,800,,,,,,,,,,,1,1,1,1
appleinsider.com,y,,0.0523,1600,800,,,,,,,1,,,,0,1,1,1
wmur.com,y,,0.1866,2000,800,0.098,,,,,,1,,,1,1,1,3,1
twcnews.com,n,portal homepage,0.126,2600,800,,0,,,,,1,,,,1,1,2,1
ireport.cnn.com,y,,-0.0621,1700,800,,,,,,,,,,,1,1,1,1
self.com,y,,-0.0844,1500,800,,,,,,,1,,,,0,1,1,1
wgrz.com,y,,0.1135,1600,800,,,,,,,1,,,1,1,1,3,1
uk.businessinsider.com,n,foreign,-0.0511,900,800,,,,,,,,1,,,1,1,1,1
lawnewz.com,y,,0.1565,1000,800,,,,,,,1,,,,0,1,1,1
miamiherald.typepad.com,n,dead site,0.1913,1800,800,,,,,,,1,,,,1,1,2,1
theaustralian.com.au,n,foreign,-0.0369,900,800,,,,,,,,,,,1,1,1,1
press-citizen.com,y,,-0.0038,2100,800,,,,,,,,,,1,1,1,2,1
diply.com,n,not current events,0.1773,1000,800,,,,,,,1,,,,0,1,1,1
accuweather.com,y,,0.1295,1300,800,,,,,,,,1,,,1,1,1,1
seattlepi.com,y,,-0.1598,800,800,,,,,,,,,,1,1,1,2,1
delonline.us,n,dead site,-0.0976,3200,800,,,,,,,,,,,1,1,1,1
wbaltv.com,y,,-0.0485,1500,800,-0.0221,,,,,,1,,,1,1,1,3,1
silive.com,y,,-0.1686,2300,800,-0.0627,-0.1666666667,,,,,,,,1,1,1,2,1
suntimes.com,y,,-0.0091,900,700,,,,,,,,,,1,1,1,2,1
gainesville.com,y,,-0.0327,1700,700,,,,,,,,,,1,1,1,2,1
ctpost.com,y,,-0.0683,8000,700,,,,,,,,,,1,1,1,2,1
richmond.com,y,,0.0133,900,700,,0,,0.5,0.5,,,,,1,1,1,2,1
utsandiego.com,y,,0.1071,1000,700,,,,,,,,,,,1,1,1,1
medcitynews.com,y,,-0.0304,4000,700,,,,,,,,,,,1,1,1,1
today.msnbc.msn.com,y,,0.0714,900,700,,,,,,,,,,,1,1,1,1
justjared.com,y,,-0.1244,1200,700,,0,,,,,1,,,,0,1,1,1
techtimes.com,y,,-0.0146,1100,700,,,,,,,,1,,,1,1,1,1
gamespot.com,y,,0.0121,1300,700,,,,,,,1,,,,0,1,1,1
radiotimes.com,y,,-0.1049,1600,700,,,,,,,1,,,,0,1,1,1
dukechronicle.com,y,,0.1741,1600,700,,,,0,-0.5,,,,,1,1,1,2,1
twincities.com,y,,0.0619,900,700,,,,,,,,,,1,1,1,2,1
necn.com,y,,-0.193,1100,700,,,,,,,1,,,,1,1,2,1
thestate.com,y,,0.0758,900,700,,,,,,,,,,1,1,1,2,1
chicagonow.com,y,,-0.053,900,700,,,,,,,,1,,,1,0,1,1
sportsbusinessdaily.com,y,,0.1832,1600,700,,,,,,,,1,,,1,1,1,1
now.msn.com,y,,0.1448,1000,700,,,,,,,,,,,1,1,1,1
ctvnews.ca,n,foreign,-0.0435,800,700,,,,,,,,1,,,1,1,1,1
xconomy.com,y,,-0.185,3700,700,,,,,,,1,,,,1,1,2,1
defenseone.com,y,,0.0264,1400,700,,,,,,,,1,,,1,1,1,1
weareteachers.com,n,,0.0569,1200,700,,,,,,,1,,,,0,1,1,1
tucson.com,y,,-0.0604,2400,700,,,,,,,,,,1,1,1,2,1
komonews.com,y,,0.086,900,700,-0.1643,,,,,,,,,1,1,1,2,1
instyle.com,y,,-0.0902,1200,700,,,,,,,1,,,,0,1,1,1
blogs.denverpost.com,y,,0.0681,1300,700,,,,,,,,0,,,1,1,1,1
bna.com,n,,-0.1817,3300,700,,,,,,,,,,,1,1,1,1
wncn.com,y,,0.0674,1000,700,,,,,,,,1,,,1,1,1,1
nbclosangeles.com,y,,-0.0937,800,700,-0.2456,,,,,,1,,,1,1,1,3,1
themindunleashed.org,y,,-0.0739,800,700,-0.4008,,,,,,,,,,1,1,1,1
hindustantimes.com,n,foreign,-0.1009,800,700,,0,,,,,,1,,,1,1,1,1
delawareonline.com,y,,-0.0891,1600,700,,,,,,,,,,1,1,1,2,1
independent.ie,n,foreign,-0.1355,800,600,,,,,,,,1,,,1,1,1,1
nbcconnecticut.com,y,,0.0473,1900,600,-0.1992,,,,,,1,,,1,1,1,3,1
miami.cbslocal.com,y,,0.1632,1200,600,,,,,,,,1,,,1,1,1,1
mobile.theverge.com,y,,-0.1842,800,600,,,,,,,,,,,1,1,1,1
phhhoto.com,n,,0.0391,3300,600,,,,,,,,0,,,1,1,1,1
pressofatlanticcity.com,y,,0.108,1500,600,,,,,,,,,,1,1,1,2,1
registerguard.com,y,,-0.1947,2100,600,,,,,,,,,,1,1,1,2,1
nhregister.com,y,,-0.1452,1200,600,,,,,,,,,,1,1,1,2,1
dailynews.com,y,,0.0592,700,600,,,,,,,,,,1,1,1,2,1
journalnow.com,y,,0.0747,1200,600,,,,,,,,,,1,1,1,2,1
myfoxny.com,y,,0.1421,900,600,-0.0713,,,,,,,,,,1,1,1,1
7online.com,y,,-0.1448,1000,600,-0.4067,,,,,,,,,,1,1,1,1
nbcbayarea.com,y,,-0.0636,700,600,-0.5023,,,,,,1,,,1,1,1,3,1
12news.com,y,,0.1167,1100,600,,,,,,,1,,,,1,1,2,1
finance.fortune.cnn.com,y,,0.0622,800,600,,,,,,,,,,,1,1,1,1
news.quiboat.com,n,dead site,0.1684,1300,600,,,,,,,,0,,,1,1,1,1
spokesman.com,y,,0.0198,1000,600,,,,-0.5,0,,,,,1,1,1,2,1
articles.chicagotribune.com,y,,-0.0416,700,600,,,,,,,,0,,,1,1,1,1
justintimberlake.com,n,,0.0789,800,600,,,,,,,1,,,,0,1,1,1
ndtv.com,n,foreign,-0.1258,1000,600,,0,,,,,,1,,,1,1,1,1
baltimore.cbslocal.com,y,,0.045,1000,600,,,,,,,1,,,,1,1,2,1
fox29.com,y,,0.1491,1300,600,,,,,,,1,,,1,1,1,3,1
ge.com,n,,0.045,1700,600,,,,,,,,0,,,1,1,1,1
wpri.com,y,,-0.1903,2800,600,,,,,,,1,,,1,1,1,3,1
businessinsider.com.au,n,foreign,-0.0362,600,600,,,,,,,,0,,,1,1,1,1
smartbrief.com,n,,0.0743,1000,600,,,,,,,,1,,,1,1,1,1
fayobserver.com,y,,0.0832,1400,600,,,,,,,,,,1,1,1,2,1
kare11.com,y,,0.0885,700,600,,,,,,,,,,1,1,1,2,1
abc27.com,y,,0.1197,1200,600,,,,,,,1,,,1,1,1,3,1
govtech.com,y,,-0.1339,1600,600,,,,,,,,1,,,1,1,1,1
management.fortune.cnn.com,y,,0.0022,800,600,,,,,,,,,,,1,1,1,1
sanfrancisco.cbslocal.com,y,,0.0993,600,600,,,,,,,,1,,,1,1,1,1
mypalmbeachpost.com,y,,-0.0689,1900,600,,,,,,,,1,,,1,1,1,1
whas11.com,y,,0.1909,1500,600,,,,,,,1,,,1,1,1,3,1
uk.news.yahoo.com,n,foreign,-0.1243,700,600,,,,,,,,1,,,1,1,1,1
pressconnects.com,y,,-0.0097,2800,600,,,,,,,,,,1,1,1,2,1
fresnobee.com,y,,-0.0989,1600,600,,,,,,,,,,1,1,1,2,1
telegram.com,y,,-0.0927,2100,500,,,,,,,,,,1,1,1,2,1
mrschureads.blogspot.com,n,,-0.194,2100,500,,,,,,,,,,,1,1,1,1
mariashriver.com,n,,-0.0872,800,500,,,,,,,,,,,1,0,1,1
fox5ny.com,y,,0.1373,1100,500,,,,,,,,,,1,1,0,2,1
stuff.co.nz,n,foreign,-0.1348,700,500,,,,,,,,1,,,1,1,1,1
myfoxboston.com,y,,0.112,900,500,,,,,,,,,,1,0,1,1,1
foxbaltimore.com,y,,0.0673,900,500,-0.1907,,,,,,,,,1,1,1,2,1
pojonews.co,n,dead site,-0.0139,2000,500,,,,,,,1,,,,0,1,1,1
newjersey.news12.com,y,,0.0974,1000,500,-0.2447,,,,,,1,,,,1,1,2,1
247wallst.com,y,,0.1304,600,500,,0,,,,,,1,,,1,1,1,1
wkbw.com,y,,0.1143,1100,500,,,,,,,,,,1,1,1,2,1
thefreethoughtproject.com,n,,-0.0928,800,500,-0.3618,,,,,,,0,,,1,1,1,1
newsy.com,y,,0.0144,1400,500,,,,,,,,1,,,1,1,1,1
centredaily.com,y,,0.1504,1300,500,,,,,,,,,,1,1,1,2,1
timesonline.com,y,,0.1328,3200,500,,,,,,,,,,1,1,1,2,1
cruxnow.com,y,,0.1843,1900,500,,,,,,,1,,,,0,1,1,1
kptv.com,y,,-0.1361,1400,500,-0.0685,,,,,,1,,,1,1,1,3,1
wfsb.com,y,,0.0136,1000,500,-0.1726,,,,,,1,,,1,1,1,3,1
taskandpurpose.com,y,,-0.0358,800,500,,0,,,,,,1,,,1,1,1,1
dose.com,n,,0.0627,600,500,,,,,,,1,,,,0,1,1,1
slashgear.com,n,,-0.0651,700,500,,,,,,,,1,,,1,1,1,1
portlandtribune.com,y,,-0.1865,1500,500,,,,,,,,,,1,1,1,2,1
lehighvalleylive.com,y,,0.1343,2500,500,,,,,,,1,,,1,1,1,3,1
whdh.com,y,,-0.0981,800,500,,,,,,,1,,,1,1,1,3,1
singularityhub.com,y,,0.0069,2000,500,,,,,,,,1,,,1,1,1,1
thetimes-tribune.com,y,,-0.0402,1700,500,,,,,,,,,,1,1,1,2,1
seacoastonline.com,y,,-0.0714,2700,500,,,,,,,,,,1,1,1,2,1
wtnh.com,y,,0.1188,800,500,,,,,,,,,,1,1,0,2,1
wftv.com,y,,0.1809,800,500,-0.2162,,,,,,1,,,1,1,1,3,1
pcgamer.com,y,,-0.0537,800,500,,,,,,,1,,,,0,1,1,1
thechart.blogs.cnn.com,y,,0.0045,700,500,,,,,,,,,,,1,1,1,1
cnycentral.com,y,,0.151,1200,500,,,,,,,,,,1,1,1,2,1
english.alarabiya.net,n,foreign,-0.0485,800,500,,,,,,,,1,,,1,1,1,1
on.11alive.com,n,dead site,0.0118,600,500,,,,,,,,,,,1,1,1,1
fredericknewspost.com,y,,-0.0966,1800,500,,,,,,,,,,1,1,1,2,1
dailycurrant.com,n,dead site,-0.1361,500,500,-0.375,,,,,,1,,,,0,1,1,1
blog.chron.com,y,,0.1976,600,500,,,,,,,,1,,,1,1,1,1
sneakernews.com,n,,0.005,1400,500,,,,,,,,1,,,1,1,1,1
minnesota.cbslocal.com,y,,-0.1173,500,500,,,,,,,,1,,,1,1,1,1
ideas.time.com,y,,-0.1537,500,500,,,,,,,,,,,1,1,1,1
goodnewsnetwork.org,y,,-0.0995,900,500,,,,,,,,1,,,1,1,1,1
popcrush.com,y,,0.0241,1100,500,,,,,,,1,,,,0,1,1,1
buffalo.com,n,not current events,-0.0008,1100,500,,,,,,,,0,,,1,1,1,1
inforum.com,y,,-0.1438,800,500,,,,,,,,,,1,1,1,2,1
etcanada.com,n,foreign,0.0627,600,500,,,,,,,,1,,,1,1,1,1
delcotimes.com,y,,0.169,1300,500,,,,,,,,,,1,1,1,2,1
dailygazette.com,y,,0.0368,1600,500,,,,,,,,,,1,1,1,2,1
news.fastcompany.com,y,,-0.1852,1200,500,,,,,,,1,,,,1,1,2,1
straitstimes.com,y,,-0.1507,600,500,,,,,,,,1,,,1,1,1,1
wcpo.com,y,,0.1679,800,500,,,,,,,,,,1,1,1,2,1
parade.com,y,,0.1143,1100,500,,,,,,,,1,,,1,1,1,1
11alive.com,y,,0.1956,600,400,0.0686,,,,,,,,,1,1,1,2,1
themindcircle.com,n,not current events,0.0891,900,400,,,,,,,,0,,,1,1,1,1
wivb.com,y,,0.0877,1400,400,,,,,,,,,,1,1,1,2,1
www2.ljworld.com,y,,0.0782,1400,400,,,,,,,,,,,1,1,1,1
techradar.com,y,,0.1535,600,400,,,,,,,,1,,,1,1,1,1
mintpressnews.com,y,,-0.1743,1100,400,,,,,,,,1,,,1,1,1,1
abc2news.com,y,,-0.0413,1300,400,,,,,,,1,,,,1,1,2,1
mensjournal.com,y,,0.0295,500,400,,,,,,,,1,,,1,1,1,1
economictimes.indiatimes.com,n,foreign,0.0103,600,400,,0,,,,,1,,,,0,1,1,1
ktla.com,y,,0.0312,500,400,-0.2287,-0.08333333333,,,,,1,,,1,1,1,3,1
pilotonline.com,y,,-0.0529,600,400,,,,,,,1,,,1,1,1,3,1
thenewstribune.com,y,,-0.0753,500,400,,,,,,,,,,1,1,1,2,1
pamplinmedia.com,y,,-0.0585,1200,400,,,,,,,,,,1,1,1,2,1
redbookmag.com,y,,-0.0585,700,400,,,,,,,,1,,,1,1,1,1
commercialappeal.com,y,,-0.0222,500,400,,,,-0.5,0,,,,,1,1,1,2,1
dailyherald.com,y,,0.1127,500,400,,,,,,,,,,1,1,1,2,1
indianexpress.com,n,foreign,-0.1564,800,400,,0,,,,,,1,,,1,1,1,1
theneworleansadvocate.com,y,,-0.0326,1300,400,,,,,,,,0,,,1,1,1,1
insideedition.com,y,,0.0985,1000,400,,0,,,,,,1,,,1,1,1,1
smartnews.com,y,,0.0467,2400,400,,,,,,,,,,,1,1,1,1
wgntv.com,y,,-0.1006,500,400,-0.3593,,,,,,,,,1,1,1,2,1
insiderlouisville.com,y,,-0.0468,1400,400,,,,,,,,1,,,1,1,1,1
pittsburghmagazine.com,y,,-0.1149,600,400,,,,,,,,0,,,1,1,1,1
womansday.com,y,,0.1284,600,400,,,,,,,,1,,,1,1,1,1
on.cpsj.com,n,dead site,0.012,2000,400,,,,,,,,,,,1,1,1,1
courierpostonline.com,y,,-0.086,1300,400,,,,,,,,,,1,0,1,1,1
nbcsandiego.com,y,,0.1085,800,400,-0.1038,,,,,,1,,,1,1,1,3,1
concordmonitor.com,y,,-0.1948,1100,400,,,,,,,,,,1,1,1,2,1
eatocracy.cnn.com,y,,-0.1868,500,400,,,,,,,,,,,1,1,1,1
newstimes.com,y,,-0.0205,800,400,,,,,,,,,,1,1,1,2,1
elections.huffingtonpost.com,y,,-0.1282,500,400,,-0.1666666667,,,,,1,,,,0,1,1,1
on.wcsh6.com,y,,-0.0016,1100,400,,,,,,,,,,,1,1,1,1
geek.com,n,,-0.1772,500,400,,,,,,,,1,,,1,0,1,1
mobile.businessweek.com,y,,-0.1564,500,400,,,,,,,,,,,1,1,1,1
healthcareitnews.com,y,,0.1392,800,400,,,,,,,,1,,,1,1,1,1
elnuevoherald.com,n,non english,0.0487,2500,400,,,,,,,,,,1,1,1,2,1
mystatesman.com,y,,-0.1405,500,400,,,,-0.5,-0.5,,,1,,,1,1,1,1
lowellsun.com,y,,-0.0426,1400,400,,,,,,,,,,1,1,1,2,1
blogs.phoenixnewtimes.com,y,,-0.0785,1200,400,,,,,,,,,,,1,1,1,1
kob.com,y,,-0.0528,800,400,,,,,,,,1,,,1,1,1,1
fiercehealthcare.com,y,,0.0505,2200,400,,,,,,,,,,,1,1,1,1
ktnv.com,y,,0.1886,800,400,,,,,,,1,,,1,1,1,3,1
tapinto.net,y,,0.1118,1100,400,,,,,,,,1,,,1,1,1,1
readingeagle.com,y,,0.1776,700,400,,,,,,,,,,1,1,1,2,1
content.usatoday.com,y,,0.1353,400,400,,,,,,,,,,,1,1,1,1
knoxnews.com,y,,0.1287,700,400,,,,,,,,,,1,1,1,2,1
ksdk.com,y,,0.1549,800,400,-0.1001,,,,,,,,,1,1,1,2,1
askmen.com,y,,0.102,600,400,,,,,,,1,,,,0,1,1,1
pymnts.com,n,,0.1201,1000,400,,,,,,,,,,,1,1,1,1
gq-magazine.co.uk,n,foreign,-0.1763,500,400,,,,,,,1,,,,0,1,1,1
stamfordadvocate.com,y,,-0.0176,900,400,,,,,,,,,,1,1,1,2,1
voices.yahoo.com,n,,0.1513,1600,400,,,,,,,,,,,1,1,1,1
extra-life.org,n,,-0.0461,1900,400,,,,,,,,0,,,1,1,1,1
techland.time.com,y,,-0.192,500,400,,,,,,,,,,,1,1,1,1
recordonline.com,y,,-0.0162,1600,400,,,,,,,,,,1,1,1,2,1
livemint.com,y,,-0.1819,500,400,,,,,,,,1,,,1,1,1,1
krqe.com,y,,0.0332,800,400,,,,,,,,,,1,1,1,2,1
desertsun.com,y,,-0.1163,600,400,,,,,,,,,,1,1,1,2,1
theantimedia.org,y,,-0.1821,700,400,-0.3584,,,,,,,0,,,1,1,1,1
webpronews.com,y,,0.0836,700,400,,,,,,,,,,,1,1,1,1
azcapitoltimes.com,y,,-0.0592,900,400,,,,,,,,,,1,1,1,2,1
au.news.yahoo.com,n,,-0.0592,400,400,,,,,,,,1,,,1,1,1,1
jamesaltucher.com,n,,-0.0011,700,400,,,,,,,,0,,,1,1,1,1
therepublic.com,y,,0.0761,500,400,,,,,,,,,,1,1,1,2,1
greensboro.com,y,,-0.0961,1400,400,,,,,,,,,,1,1,1,2,1
chicagobusiness.com,y,,-0.1564,500,400,,,,,,,1,,,1,1,1,3,1
cbs6albany.com,y,,0.1941,800,400,,,,,,,,,,1,1,1,2,1
nypdnews.com,n,,0.0685,800,400,,,,,,,,0,,,1,1,1,1
business.time.com,y,,-0.1495,400,400,,,,,,,,,,,1,1,1,1
rightthisminute.com,n,,0.1227,1100,400,,,,,,,,0,,,1,1,1,1
wave3.com,y,,0.1931,800,400,,,,,,,,,,1,1,1,2,1
dnaindia.com,n,foreign,-0.1687,500,400,,,,,,,,1,,,1,1,1,1
mugglenet.com,n,,-0.0912,900,400,,,,,,,,0,,,1,1,1,1
ftc.gov,n,,-0.1867,700,400,,,,,,,,0,,,1,1,1,1
govtrack.us,n,,-0.0411,500,400,,,,,,,,0,,,1,1,1,1
timesfreepress.com,y,,-0.0026,400,400,,,,,,,,,,1,1,1,2,1
csnbayarea.com,y,,0.1756,600,400,,,,,,,1,,,,0,1,1,1
news3lv.com,y,,0.0774,1100,400,,,,,,,,,,1,1,1,2,1
lansingstatejournal.com,y,,0.0795,500,400,,,,,,,,,,1,1,1,2,1
capitalgazette.com,y,,0.1496,1600,400,,,,,,,1,,,1,1,1,3,1
goerie.com,y,,-0.0732,900,400,,,,,,,,,,1,1,1,2,1
wnyt.com,y,,0.0305,900,400,,,,,,,,,,1,1,1,2,1
wctv.tv,y,,0.1267,1100,400,,,,,,,,1,,,1,1,1,1
wwlp.com,y,,-0.1546,600,400,,,,,,,,,,1,1,1,2,1
bestofneworleans.com,y,,-0.1174,600,400,,,,,,,,,,1,1,1,2,1
globenewswire.com,y,,0.1237,500,400,,,,,,,,1,,,1,1,1,1
irishcentral.com,n,foreign,0.0091,600,400,,,,,,,,1,,,1,1,1,1
yorkdispatch.com,y,,0.1967,1600,400,,,,,,,,,,1,1,1,2,1
graphics.latimes.com,y,,-0.1656,400,400,,,,,,,,1,,,1,1,1,1
realfarmacy.com,y,,0.0887,500,400,,,,,,,,,,,1,1,1,1
poughkeepsiejournal.com,y,,-0.0314,800,400,,,,,,,,,,1,1,1,2,1
greenvilleonline.com,y,,0.1553,400,400,,,,,,,,,,1,1,1,2,1
fox2detroit.com,y,,0.0342,400,300,,,,,,,,,,1,1,1,2,1
kvue.com,y,,0.1063,400,300,,,,,,,,,,1,1,1,2,1
kiro7.com,y,,-0.0445,500,300,,,,,,,,1,,,1,0,1,1
games.yahoo.com,n,,0.1667,400,300,,,,,,,,,,,1,1,1,1
wdsu.com,y,,0.1843,900,300,,,,,,,1,,,1,1,1,3,1
wsaz.com,y,,-0.0081,700,300,,,,,,,,,,1,1,1,2,1
nrn.com,y,,0.1023,1300,300,,,,,,,,,,,1,1,1,1
technobuffalo.com,y,,0.0472,1400,300,,,,,,,,0,,,1,1,1,1
video.nationalgeographic.com,y,,-0.1989,500,300,,,,,,,,0,,,1,1,1,1
starnewsonline.com,y,,0.1902,800,300,,,,,,,,,,1,1,1,2,1
usatoday30.usatoday.com,y,,0.1795,500,300,,,,,,,,,,,1,1,1,1
cltampa.com,n,site down,-0.0978,500,300,,,,,,,,1,,,1,1,1,1
roanoke.com,y,,-0.0978,400,300,,,,,,,,,,1,1,1,2,1
timesleader.com,y,,0.0405,900,300,,,,,,,,,,1,1,1,2,1
wdbj7.com,y,,0.0825,500,300,,,,,,,,,,1,1,1,2,1
pulptastic.com,y,,-0.0031,400,300,,,,,,,,,,,1,1,1,1
observer-reporter.com,y,,0.1999,2400,300,,,,,,,,,,1,1,1,2,1
infobae.com,n,non english,-0.0508,800,300,,,,,,,,1,,,1,0,1,1
turnto10.com,y,,-0.093,500,300,,,,,,,1,,,1,1,1,3,1
blog.seattlepi.com,y,,-0.1525,400,300,,,,,,,,,,,1,1,1,1
news.bbc.co.uk,n,foriegn,-0.1904,400,300,,,,,,,,0,,,1,1,1,1
phillyburbs.com,y,,0.1225,900,300,,,,,,,,,,,1,1,1,1
heraldonline.com,y,,0.0988,400,300,,,,,,,,,,1,1,1,2,1
nationalpost.com,y,,-0.1346,400,300,,,,,,,,1,,,1,1,1,1
scotsman.com,n,foreign,-0.1584,600,300,,,,,,,,1,,,1,1,1,1
calgaryherald.com,y,,-0.0708,300,300,,,,,,,,,,,1,1,1,1
wcsh6.com,y,,-0.0189,500,300,,,,,,,1,,,1,1,1,3,1
wrestlingnews.co,y,,0.1215,2700,300,,,,,,,1,,,,1,1,2,1
delmarvanow.com,y,,0.1305,2400,300,,,,,,,,,,1,1,1,2,1
sunjournal.com,y,,-0.0492,700,300,,,,,,,,,,1,1,1,2,1
news10.com,y,,0.1866,600,300,,,,,,,1,,,1,1,1,3,1
bendbulletin.com,y,,-0.1403,900,300,,,,,,,,,,1,1,1,2,1
articles.baltimoresun.com,y,,-0.0985,400,300,,,,,,,,,,,1,1,1,1
news-leader.com,y,,0.1312,500,300,,,,,,,,,,1,1,1,2,1
marginalrevolution.com,y,,-0.0907,700,300,,,,,,,,0,,,1,1,1,1
metrowestdailynews.com,y,,-0.1544,600,300,,,,,,,,,,1,1,1,2,1
dailyemerald.com,y,,-0.1962,1200,300,,,,,,,,,,1,1,1,2,1
siliconrepublic.com,y,,-0.1837,400,300,,,,,,,,1,,,1,1,1,1
alligator.org,y,,0.092,600,300,,,,,,,,,,1,1,1,2,1
weei.com,y,,0.1311,1200,300,,,,,,,1,,,,0,1,1,1
vegasinc.com,y,,0.1801,1600,300,,,,,,,,,,1,0,1,1,1
toledoblade.com,y,,-0.0608,400,300,,,,,,,,,,1,1,1,2,1
expressnews.com,y,,0.1387,400,300,,,,,,,,1,,,1,1,1,1
blog.nj.com,y,,-0.1187,600,300,,,,,,,,,,,1,1,1,1
wxyz.com,y,,0.1919,300,300,-0.3539,,,,,,,,,1,1,1,2,1
omgfacts.com,n,not current events,0.0695,400,300,,,,,,,1,,,,0,1,1,1
seeker.com,y,,-0.1414,500,300,,,,,,,1,,,,0,1,1,1
worldtruth.tv,y,,0.1362,700,300,-0.0491,,,,,,1,,,,1,1,2,1
multichannel.com,y,,0.0223,1200,300,,,,,,,,,,,1,1,1,1
on.ksdk.com,n,site dead,0.0095,400,300,,,,,,,,,,,1,1,1,1
arstechnica.co.uk,n,foreign,-0.1873,400,300,,,,,,,,0,,,1,1,1,1
koat.com,y,,0.0144,1400,300,,,,,,,1,,,1,1,1,3,1
boredomtherapy.com,n,content by not current events,0.0399,500,300,,,,,,,,,,,1,1,1,1
wlos.com,y,,0.0775,600,300,,,,,,,,,,1,1,1,2,1
arkansasonline.com,y,,0.0116,600,300,,,,-1,0.5,,,,,1,1,1,2,1
brandchannel.com,n,,-0.0665,500,300,,,,,,,,,,,1,1,1,1
thelocal.se,n,foreign,-0.0977,400,300,,,,,,,,1,,,1,1,1,1
pewsocialtrends.org,y,,-0.1564,300,300,,,,,,,,1,,,1,1,1,1
theday.com,y,,-0.0263,500,300,,,,,,,,,,1,1,1,2,1
abc.es,n,not english,-0.0485,900,300,,,,,,,,0,,,1,1,1,1
elearningindustry.com,n,,-0.0214,600,300,,,,,,,,,,,1,1,1,1
ohio.com,y,,-0.0189,400,300,,,,,,,,,,1,1,1,2,1
9news.com.au,n,foreign,-0.1032,300,300,,,,,,,,1,,,1,1,1,1
noaa.gov,n,,-0.1385,400,300,,,,,,,,0,,,1,1,1,1
presstv.com,y,,-0.0329,500,300,,,,,,,,1,,,1,1,1,1
collegian.psu.edu,y,,0.058,700,300,,,,,,,1,,,,0,1,1,1
rte.ie,n,foreign,-0.1886,400,300,,,,,,,,1,,,1,1,1,1
on.ktnv.com,y,,0.0914,900,300,,,,,,,,,,,1,1,1,1
brighttalk.com,n,,0.045,600,300,,,,,,,,,,,1,1,1,1
go.bofa.com,n,,0.0684,500,300,,,,,,,,,,,1,1,1,1
wix.com,n,,-0.0279,500,300,,,,,,,,,,1,0,1,1,1
kerrang.com,y,,-0.0446,400,300,,,,,,,,1,,,1,1,1,1
multibriefs.com,y,,0.1195,900,300,,,,,,,,,,,1,1,1,1
miami.com,y,,-0.0826,1300,300,,,,,,,,,,1,0,1,1,1
njbiz.com,y,,0.1044,900,300,,,,,,,,,,1,1,1,2,1
buckscountycouriertimes.com,y,,0.1298,1500,300,,,,,,,,,,1,1,1,2,1
dailytelegraph.com.au,n,foreign,0.1737,300,300,,,,,,,,1,,,1,1,1,1
mandatory.com,y,,0.1127,300,300,,,,,,,,0,,,1,1,1,1
blog.foodnetwork.com,n,,0.0015,600,300,,,,,,,1,,,,0,1,1,1
swampland.time.com,y,,-0.1356,300,300,,,,,,,,,,,1,1,1,1
eastbaytimes.com,y,,0.0924,300,300,,,,,,,,,,1,1,1,2,1
clickondetroit.com,y,,0.0795,300,300,-0.3654,,,,,,,,,1,1,1,2,1
worldnewsdailyreport.com,y,,0.1953,300,300,,,,,,,1,,,,1,1,2,1
manchestereveningnews.co.uk,n,foreign,-0.039,500,300,,,,,,,,1,,,1,1,1,1
watertowndailytimes.com,y,,0.1764,800,300,,,,,,,,,,1,1,1,2,1
defensenews.com,y,,0.1344,600,300,,,,,,,,1,,,1,1,1,1
durangoherald.com,y,,-0.1143,600,300,,,,,,,,,,1,1,1,2,1
blogs.babble.com,n,content but not current events,-0.0338,400,300,,,,,,,,,,,1,1,1,1
lasvegasweekly.com,y,,0.0395,500,300,,,,,,,,,,1,0,1,1,1
travelpulse.com,y,,0.0312,1600,300,,,,,,,1,,,,0,1,1,1
capecodtimes.com,y,,-0.1952,1000,300,,,,,,,,,,1,1,1,2,1
hollywood.com,y,,-0.0032,700,300,,,,,,,,0,,,1,1,1,1
fox2now.com,y,,0.17,300,300,-0.1395,,,,,,,,,1,0,1,1,1
ktvz.com,y,,0.0835,800,300,,,,,,,1,,,1,1,1,3,1
baltimoremagazine.com,y,,-0.176,700,300,,,,,,,,0,,,1,1,1,1
fios1news.com,n,,0.0366,1400,300,,,,,,,,,,,1,1,1,1
wchstv.com,y,,0.15,500,300,,,,,,,,,,1,1,1,2,1
atlanticcouncil.org,y,,-0.1156,500,300,,,,,,,,,,,1,1,1,1
thecable.foreignpolicy.com,y,,0.0164,300,300,,,,,,,,,,,1,1,1,1
blog.al.com,y,,0.1667,400,300,,,,,,,,,,,1,1,1,1
lcsun-news.com,y,,-0.0891,900,300,,,,,,,,,,1,1,1,2,1
blogs.browardpalmbeach.com,y,,0.045,600,300,,,,,,,,,,,1,1,1,1
herald-dispatch.com,y,,0.1113,800,300,,,,,,,,,,1,1,1,2,1
airforcetimes.com,y,,-0.108,300,300,,,,,,,,,,1,0,1,1,1
wgme.com,y,,-0.1441,400,300,,,,,,,1,,,1,1,1,3,1
us.blastingnews.com,n,corporate homepage,-0.0132,1400,300,,-0.1666666667,,,,,1,,,,0,1,1,1
sott.net,y,,0.1462,300,300,,,,,,,,0,,,1,1,1,1
globalresearch.ca,n,foreign,0.165,400,300,-0.252,,,,,,,1,,,1,1,1,1
go.witf.org,y,,-0.0257,800,300,,,,,,,,,,,1,1,1,1
sunherald.com,y,,0.0819,400,300,,,,,,,,,,1,1,1,2,1
kval.com,y,,-0.0665,500,300,,,,,,,,,,1,1,1,2,1
topbuzz.com,n,site broken,-0.159,1000,300,,,,,,,,0,,,1,1,1,1
prt.news,n,site down,0.1241,500,300,,,,,,,,0,,,1,1,1,1
news-record.com,y,,0.0652,500,300,,,,,,,,,,,1,1,1,1
dailyrecord.co.uk,n,foreign,0.0711,300,300,,,,,,,,1,,,1,1,1,1
wymt.com,y,,0.1281,600,300,,,,,,,1,,,,1,1,2,1
stargazette.com,y,,0.018,1000,300,,,,,,,,,,1,1,1,2,1
tucsonnewsnow.com,y,,0.1994,600,300,,,,,,,,1,,,1,1,1,1
ivillage.com,y,,0.0026,700,300,,,,,,,,,,,1,1,1,1
blogs.seattletimes.com,y,,-0.1827,300,200,,,,,,,,,,,1,1,1,1
theintell.com,y,,0.0599,1600,200,,,,,,,,,,1,1,1,2,1
eagletribune.com,y,,0.0239,700,200,,,,,,,,,,1,1,1,2,1
lifeboat.com,n,,0.1121,1400,200,,,,,,,,0,,,1,1,1,1
articles.sun-sentinel.com,y,,0.1152,300,200,,,,,,,,,,,1,1,1,1
eversave.com,n,site down,0.0298,500,200,,,,,,,,,,,1,1,1,1
fathomevents.com,n,,0.0143,300,200,,,,,,,,0,,,1,1,1,1
cartermatt.com,y,,0.1784,400,200,,,,,,,1,,,,0,1,1,1
kurzweilai.net,n,,-0.1458,800,200,,,,,,,,,,,1,1,1,1
fuelfix.com,y,,-0.002,500,200,,,,,,,,0,,,1,1,1,1
businessinsider.in,n,foreign,-0.0057,300,200,,,,,,,,,,,1,1,1,1
localsyr.com,y,,0.0136,400,200,,,,,,,,,,1,1,1,2,1
brides.com,n,,-0.035,500,200,,,,,,,1,,,,0,1,1,1
irishexaminer.com,n,foreign,-0.0723,300,200,,,,,,,,1,,,1,1,1,1
kstp.com,y,,0.1698,300,200,,,,,,,,,,1,1,1,2,1
craveonline.com,n,site down,-0.1673,300,200,,,,,,,,1,,,1,1,1,1
insidethemagic.net,n,,0.0942,500,200,,,,,,,,0,,,1,1,1,1
kmov.com,y,,0.0197,300,200,-0.1538,,,,,,,,,1,1,1,2,1
greatfallstribune.com,y,,0.0387,300,200,,,,,,,,,,1,0,1,1,1
itworld.com,y,,0.0759,400,200,,,,,,,,,,,1,1,1,1
insomniac.com,n,content but not currente vents,0.1765,400,200,,,,,,,,0,,,1,1,1,1
fedscoop.com,y,,-0.1592,600,200,,,,,,,,,,,1,1,1,1
mynews4.com,y,,0.1883,300,200,,,,,,,,,,1,1,1,2,1
fosters.com,y,,0.0482,700,200,,,,,,,,,,1,1,1,2,1
livability.com,n,,0.1694,300,200,,,,,,,1,,,,0,1,1,1
gamesradar.com,y,,-0.0784,400,200,,0,,,,,,1,,,1,1,1,1
on.wltx.com,y,,0.1781,300,200,,,,,,,,,,,1,1,1,1
visualcapitalist.com,n,content but not currente vents,0.1728,400,200,,,,,,,,1,,,1,1,1,1
dailyorange.com,y,,-0.1677,400,200,,,,,,,1,,,1,1,1,3,1
browardpalmbeach.com,y,,-0.0907,700,200,,,,,,,,,,1,1,1,2,1
thelead.blogs.cnn.com,y,,0.1797,300,200,,,,,,,,,,,1,1,1,1
guardianlv.com,y,,-0.179,400,200,,,,,,,,,,1,1,1,2,1
on.wkyc.com,y,,0.0738,300,200,,,,,,,,,,,1,1,1,1
newsminer.com,y,,-0.1174,500,200,,,,,,,,,,1,1,1,2,1
wfmynews2.com,y,,0.1054,1400,200,,,,,,,,1,,,1,1,1,1
nowthisnews.com,y,,0.1546,300,200,,,,,,,,1,,,1,1,1,1
yahoonewsdigest-us.tumblr.com,n,,-0.0186,1600,200,,,,,,,,,,,1,1,1,1
charlottefive.com,y,,0.1972,700,200,,,,,,,,,,,1,1,1,1
newarkadvocate.com,y,,0.1525,500,200,,,,,,,,,,1,1,1,2,1
nationalreport.net,y,,0.1616,300,200,0.1168,,,,,,1,,,,0,1,1,1
pe.com,y,,0.0317,300,200,,,,,,,,,,1,1,1,2,1
blogs.cfr.org,y,,-0.1564,400,200,,,,,,,,0,,,1,1,1,1
fox61.com,y,,0.1758,400,200,,,,,,,,1,,,1,1,1,1
ksat.com,y,,0.161,200,200,,,,,,,1,,,1,1,1,3,1
www3.forbes.com,y,,0.161,300,200,,,,,,,,,,,1,1,1,1
joy105.com,y,,-0.1741,600,200,,,,,,,,0,,,1,1,1,1
listverse.com,n,content but not current,0.0585,300,200,,,,,,,,,,,1,1,1,1
uk.mobile.reuters.com,y,,-0.1712,300,200,,,,,,,,1,,,1,1,1,1
i24news.tv,n,foreign,0.0719,500,200,,,,,,,,1,,,1,1,1,1
cityam.com,n,foreign,-0.0073,300,200,,,,,,,,1,,,1,1,1,1
grandforksherald.com,y,,-0.0073,300,200,,,,,,,,,,1,1,1,2,1
science20.com,y,,-0.0288,300,200,,,,,,,,,,,1,1,1,1
news4sanantonio.com,y,,-0.0474,200,200,,,,,,,,,,1,1,1,2,1
greenwichtime.com,y,,-0.1122,500,200,,,,,,,,,,1,1,1,2,1
consortiumnews.com,y,,0.1885,400,200,,,,,,,,1,,,1,1,1,1
timesherald.com,y,,0.0859,1700,200,,,,,,,,,,1,1,1,2,1
whatculture.com,y,,-0.1295,400,200,,,,,,,,1,,,1,1,1,1
q13fox.com,y,,-0.1295,200,200,-0.0132,,,,,,,,,1,1,1,2,1
latinpost.com,y,,-0.1901,300,200,,,,,,,,,,,1,1,1,1
gulfnews.com,n,foreign,-0.0795,300,200,,,,,,,,1,,,1,0,1,1
fsunews.com,y,,0.1231,400,200,,,,,,,,,,1,1,1,2,1
photos.nj.com,n,empty subdomain,-0.1748,300,200,,,,,,,,0,,,1,1,1,1
lapatilla.com,n,non-english,0.0203,700,200,,,,,,,,,,,1,1,1,1
whisper.sh,y,,0.0309,400,200,,,,,,,,0,,,1,1,1,1
screamer.deadspin.com,y,,-0.1473,300,200,,,,,,,,0,,,1,1,1,1
wdel.com,y,,-0.0198,600,200,,,,,,,,1,,,1,1,1,1
actualidad.rt.com,n,foreign,-0.1718,1300,200,,,,,,,,1,,,1,1,1,1
luxurydaily.com,y,,-0.0879,500,200,,,,,,,,1,,,1,1,1,1
saratogian.com,y,,0.198,500,200,,,,,,,,,,1,1,1,2,1
davidwolfe.com,n,personal blog,0.1241,300,200,,,,,,,1,,,,0,1,1,1
cityoforlando.net,n,govt website,0.0199,300,200,,,,,,,,0,,,1,1,1,1
belfasttelegraph.co.uk,n,foreign,-0.1657,200,200,,,,,,,,1,,,1,1,1,1
greenbaypressgazette.com,y,,0.1576,200,200,,,,,,,,,,1,0,1,1,1
touch.dailymotion.com,y,,-0.0781,300,200,,,,,,,,,,,1,1,1,1
cronkitenews.azpbs.org,y,,-0.0208,700,200,,,,,,,,1,,,1,1,1,1
n.mynews.ly,n,dead site,-0.0173,1800,200,,,,,,,,,,,1,1,1,1
infosecurity-magazine.com,y,,0.1944,700,200,,,,,,,,,,,1,1,1,1
troyhunt.com,n,personal blog,-0.0026,300,200,,,,,,,,0,,,1,1,1,1
edmontonjournal.com,y,,-0.104,200,200,,,,,,,,1,,,1,1,1,1
kcur.org,y,,-0.104,500,200,,,,,,,,1,,,1,1,1,1
latintimes.com,y,,-0.1786,300,200,,,,,,,,,,,1,1,1,1
cnnespanol.cnn.com,y,,-0.1786,400,200,,,,,,,1,,,,1,1,2,1
hartfordbusiness.com,y,,0.0009,600,200,,,,,,,,,,1,1,1,2,1
nbc4i.com,y,,0.153,200,200,,,,,,,1,,,1,1,1,3,1
azstarnet.com,y,,0.0156,500,200,,,,,,,,,,,1,1,1,1
myscienceacademy.org,n,,-0.1252,200,200,,,,,,,,,,,1,1,1,1
columbiatribune.com,y,,-0.0648,300,200,,,,,,,,,,1,1,1,2,1
trentonian.com,y,,-0.0263,400,200,,,,,,,,,,1,1,1,2,1
slashdot.org,y,,0.008,600,200,,,,,,,,,,,1,1,1,1
hawaiinewsnow.com,y,,0.0776,300,200,,,,,,,,,,1,1,1,2,1
blogs.buffalonews.com,y,,0.1199,300,200,,,,,,,,,,,1,1,1,1
pressdemocrat.com,y,,-0.1405,200,200,,,,,,,,,,1,1,1,2,1
liverpoolecho.co.uk,n,foreign,-0.0041,400,200,,,,,,,,1,,,1,1,1,1
staradvertiser.com,y,,0.0743,300,200,,,,,,,,,,1,1,1,2,1
cbronline.com,y,,0.0634,300,200,,,,,,,,,,,1,1,1,1
theamericangenius.com,y,,0.1826,400,200,,,,,,,,,,,1,1,1,1
daysoftheyear.com,n,,0.0997,300,200,,,,,,,,,,,1,1,1,1
today.ucf.edu,n,,0.1353,400,200,,,,,,,,0,,,1,1,1,1
techinasia.com,n,foreign,-0.1827,300,200,,,,,,,,1,,,1,1,1,1
newsnet5.com,y,,0.1561,200,200,,,,,,,,,,1,1,1,2,1
theneeds.com,n,,0.0928,200,200,,,,,,,,,,,1,1,1,1
ctnewsjunkie.com,y,,-0.056,300,200,,,,,,,,,,,1,1,1,1
lasvegasnow.com,y,,-0.0647,400,200,,,,,,,,,,1,1,1,2,1
wric.com,y,,0.0637,200,200,,,,,,,,,,1,1,1,2,1
postcrescent.com,y,,-0.013,300,200,,,,,,,,,,1,1,1,2,1
uanews.arizona.edu,n,,-0.2,300,200,,,,,,,,1,,,1,1,1,1
pottsmerc.com,y,,0.0824,500,200,,,,,,,,,,1,1,1,2,1
kezi.com,y,,-0.1043,500,200,,,,,,,,,,1,1,1,2,1
wraltechwire.com,y,,0.0678,400,200,,,,,,,,,,,1,1,1,1
news.bizj.us,y,,0.134,300,200,,,,,,,,,,,1,1,1,1
wtvr.com,y,,0.1594,200,200,-0.0734,,,,,,,,,1,1,1,2,1
blog.syracuse.com,y,,-0.0432,300,200,,,,,,,,,,,1,1,1,1
tested.com,n,,-0.1198,300,200,,,,,,,,0,,,1,1,1,1
imax.com,n,,0.1244,200,200,,,,,,,,0,,,1,1,1,1
seattletimes.nwsource.com,y,,-0.1032,200,200,,,,,,,,,,,1,1,1,1
hosted2.ap.org,y,,0.0332,300,200,,,,,,,,,,,1,1,1,1
channel.nationalgeographic.com,y,,-0.0903,200,200,,,,,,,1,,,,0,1,1,1
cashbackresearch.com,n,,0.1353,300,200,,,,,,,,0,,,1,1,1,1
patriotledger.com,y,,-0.0867,300,200,,,,,,,,,,1,1,1,2,1
ktuu.com,y,,0.1285,400,200,,,,,,,,,,1,1,1,2,1
kxan.com,y,,0.0761,200,200,-0.039,,,,,,,,,1,1,1,2,1
schoolsofthought.blogs.cnn.com,y,,-0.1496,300,200,,,,,,,,,,,1,1,1,1
timesdispatch.com,y,,0.0331,200,200,,,,,,,,,,,1,1,1,1
westchester.news12.com,y,,-0.1021,300,200,,0,,,,,,1,,,1,1,1,1
news.nike.com,n,,-0.1021,300,200,,,,,,,,1,,,1,1,1,1
techhive.com,y,,0.0766,200,200,,,,,,,,,,,1,1,1,1
charlestondailymail.com,y,,0.041,700,200,,,,,,,,,,,1,1,1,1
crainsdetroit.com,y,,-0.0461,200,200,,,,,,,,,,1,1,1,2,1
wmtw.com,y,,0.045,300,200,,,,,,,,,,1,1,1,2,1
heraldnet.com,y,,0.0329,200,200,,,,,,,,,,1,1,1,2,1
pitch.com,n,,0.0807,300,200,,,,,,,,,,1,1,1,2,1
rbj.net,y,,0.1757,600,200,,,,,,,,,,1,1,1,2,1
nj.gov,n,govt website,0.0966,300,200,,,,,,,,,,,1,1,1,1
wcax.com,y,,-0.132,300,200,,,,,,,,,,1,1,1,2,1
nh1.com,y,,-0.009,300,200,,,,,,,,1,,,1,1,1,1
auburnpub.com,y,,-0.0307,2000,200,,,,,,,,,,1,1,1,2,1
wxxinews.org,y,,-0.1529,500,200,,,,,,,,,,,1,1,1,1
workforce.com,n,,0.1439,500,200,,,,,,,,1,,,1,1,1,1
timesofindia.com,n,foreign,-0.1636,200,200,,,,,,,,0,,,1,1,1,1
roadtrippers.com,n,,0.003,300,200,,,,,,,,0,,,1,1,1,1
udel.edu,n,,-0.1564,600,200,,,,,,,,,,1,0,1,1,1
almanac.com,y,,0.1455,300,200,,,,,,,,,,,1,1,1,1
s.nikkei.com,n,foreign,0.1339,500,200,,,,,,,,,,,1,1,1,1
nwitimes.com,y,,0.0492,200,200,,,,,,,,,,1,1,1,2,1
ktvu.com,y,,-0.0149,200,200,,,,,,,,,,1,1,0,2,1
wbal.com,y,,0.0366,300,200,,,,,,,,,,1,1,1,2,1
statepress.com,y,,-0.0018,800,200,,,,,,,,,,1,1,1,2,1
quillette.com,y,,0.1957,300,200,,,,,,,,0,,,1,1,1,1
spectrumlocalnews.com,n,corporate portal,0.1615,800,200,,,,,,,,1,,,1,1,1,1
zeenews.india.com,n,foreign,0.045,200,200,,,,,,,,,,,1,1,1,1
dailypress.com,y,,-0.0883,200,200,,,,0.5,0.5,,,,,1,1,1,2,1
bozemandailychronicle.com,y,,-0.0883,200,200,,0,,,,,,,,1,1,1,2,1
daytondailynews.com,y,,0.0576,200,200,,,,,,,,,,1,1,1,2,1
firstread.nbcnews.com,y,,-0.0469,200,200,,,,,,,,,,,1,1,1,1
el-nacional.com,n,foriegn,-0.0159,600,200,,,,,,,1,,,,0,1,1,1
witn.com,y,,0.1935,300,200,,,,,,,,1,,,1,1,1,1
rew-online.com,y,,-0.0946,300,200,,,,,,,,,,,1,1,1,1
thespec.com,y,,-0.0253,200,200,,,,,,,,1,,,1,1,1,1
burlingtoncountytimes.com,y,,0.045,2100,200,,,,,,,,,,1,1,1,2,1
louisville.com,y,,0.108,700,200,,,,,,,,,,1,0,1,1,1
duluthnewstribune.com,y,,-0.0077,200,200,,,,,,,,,,1,1,1,2,1
fox25boston.com,y,,0.1959,300,200,,,,,,,1,,,,1,1,2,1
urbanland.uli.org,y,,-0.1602,300,200,,,,,,,,,,,1,1,1,1
sanluisobispo.com,y,,-0.0584,200,200,,,,,,,,,,1,1,1,2,1
internetretailer.com,y,trade pub,0.0537,300,200,,,,,,,,,,,1,1,1,1
twbirthday.com,n,dead site,-0.0128,200,200,,,,,,,,,,,1,1,1,1
peopleenespanol.com,n,spanish language,-0.1833,500,200,,,,,,,1,,,,1,1,2,1
ralstonreports.com,n,dead site,-0.1526,300,200,,,,,,,,,,,1,1,1,1
chieftain.com,y,,0.005,400,200,,,,,,,,,,1,1,1,2,1
rochesterhomepage.net,y,,0.1338,200,200,,,,,,,,,,,1,1,1,1
in.mobile.reuters.com,y,,-0.0603,200,200,,,,,,,,,,,1,1,1,1
toyland.gizmodo.com,y,,-0.0706,200,200,,,,,,,,,,,1,1,1,1
gjsentinel.com,y,,-0.0419,300,200,,,,,,,,,,1,1,1,2,1
dallasobserver.com,y,,0.1962,200,200,,,,,,,,,,1,1,1,2,1
wbir.com,y,,0.076,200,200,,,,,,,,,,1,1,1,2,1
fox5atlanta.com,y,,0.1891,200,200,,,,,,,,,,1,1,1,2,1
wkyc.com,y,,0.0495,200,200,,,,,,,,,,1,1,1,2,1
walesonline.co.uk,y,,-0.0436,200,200,,,,,,,,1,,,1,1,1,1
theladbible.com,y,,0.1448,200,200,,,,,,,,0,,,1,1,1,1
topinfopost.com,n,dead domain,-0.0728,200,200,-0.1502,,,,,,,,,,1,1,1,1
sentinelandenterprise.com,y,,-0.0686,300,200,,,,,,,,,,1,1,1,2,1
arabnews.com,n,foreign news,-0.1923,200,200,,,,,,,,,,,1,1,1,1
miss.jetsetmag.com,n,,0.1077,800,200,,,,,,,,,,,1,1,1,1
thesunchronicle.com,y,,-0.075,300,200,,,,,,,,,,1,1,1,2,1
live.reuters.com,y,,0.0265,200,200,,,,,,,1,,,,1,1,2,1
newyorkupstate.com,y,,0.0677,400,200,,,,,,,,1,,,1,1,1,1
boiseweekly.com,y,,-0.0072,300,200,,,,,,,,,,1,0,1,1,1
skipprichard.com,n,personal website,0.1941,600,200,,,,,,,,0,,,1,1,1,1
photos.denverpost.com,y,,-0.032,300,200,,,,,,,,,,,1,1,1,1
kotatv.com,y,,0.1353,900,200,,,,,,,,1,,,1,1,1,1
i.stuff.co.nz,n,foreign news,0.0403,200,200,,,,,,,,1,,,1,1,1,1
timescall.com,y,,-0.0774,600,200,,,,-0.5,-0.5,,,,,1,1,1,2,1
gmanetwork.com,y,,0.0819,300,200,,,,,,,1,,,,0,1,1,1
politicspa.com,y,,-0.032,300,200,,,,,,,,,,,1,1,1,1
uber-facts.com,n,joke content,0.045,200,200,,,,,,,,,,,1,1,1,1
sabahdai.ly,n,foreign news,-0.1687,300,200,,,,,,,,,,,1,1,1,1
troyrecord.com,y,,0.0308,500,200,,,,,,,,,,1,1,1,2,1
dailymail.com,y,,0.1452,600,200,,,,,,,,0,,,1,1,1,1
thehour.com,y,,-0.0381,1100,200,,,,,,,,,,1,1,1,2,1
titanfall.com,n,,0.132,200,200,,,,,,,,0,,,1,1,1,1
thechronicleherald.ca,y,,-0.0381,200,200,,,,,,,,1,,,1,1,1,1
foxtrotalpha.jalopnik.com,y,,0.137,300,200,,,,,,,,1,,,1,1,1,1
mynorthwest.com,y,,0.137,200,200,,,,,,,,1,,,1,1,1,1
cp24.com,y,,0.0593,200,200,,,,,,,,1,,,1,1,1,1
270towin.com,y,,0.0498,200,200,,0,,,,,,0,,,1,1,1,1
offbeat.com,y,,-0.182,200,200,,,,,,,,,,1,0,1,1,1
english.yonhapnews.co.kr,n,foreign,0.0254,300,200,,,,,,,,1,,,1,1,1,1
projects.newsday.com,y,,-0.1148,200,200,,,,,,,1,,,,1,1,2,1
thetimesnews.com,y,,-0.1148,200,200,,,,,,,,,,1,1,1,2,1
capitalpress.com,y,,0.1113,200,200,,,,,,,,,,1,1,1,2,1
repubblica.it,n,foreign,-0.0197,700,200,,,,,,,,1,,,1,1,1,1
lanereport.com,y,,0.1919,1000,200,,,,,,,,,,,1,1,1,1
stream.wsj.com,n,we'll get main WSJ site,-0.1649,200,200,,,,,,,,,,,1,1,1,1
theindychannel.com,y,,-0.0197,200,200,,,,,,,,,,1,1,1,2,1
wnct.com,y,,0.1919,200,200,,,,,,,,,,1,1,1,2,1
wistv.com,y,,0.1971,200,200,,,,,,,,,,1,1,1,2,1
slatestarcodex.com,n,dead blog,-0.0619,200,200,,,,,,,,,,,1,1,1,1
archaeology.org,y,,-0.0779,200,200,,,,,,,,1,,,1,1,1,1
longislandpress.com,y,,-0.0461,300,200,,,,,,,,,,1,1,1,2,1
state.nj.us,n,govt site,0.045,200,200,,,,,,,,,,1,0,1,1,1
wgno.com,y,,0.1971,900,200,,,,,,,,,,1,1,1,2,1
nbc29.com,y,,0.1215,200,200,,,,,,,,,,1,1,1,2,1
connecticutmag.com,y,,0.0499,300,200,,,,,,,,,,1,0,1,1,1
southbendtribune.com,y,,0.1353,200,200,,,,,,,,,,1,1,1,2,1
wishtv.com,y,,0.149,200,200,,,,,,,,,,1,1,1,2,1
csindy.com,y,,0.0201,700,200,,,,,,,,,,1,1,1,2,1
blacksportsonline.com,y,,-0.085,300,200,,,,,,,,0,,,1,1,1,1
brilliantmaps.com,n,content that isn't news,-0.135,300,200,,,,,,,,0,,,1,1,1,1
spacenews.com,y,,-0.048,300,200,,,,,,,,1,,,1,1,1,1
vindy.com,y,,0.1866,400,200,,,,,,,,,,1,1,1,2,1
britannica.com,n,content but not news,-0.097,300,200,,,,,,,,0,,,1,1,1,1
realclearscience.com,y,,0.0746,200,200,,,,,,,,,,,1,1,1,1
nba.nbcsports.com,y,,-0.0163,200,200,,,,,,,,1,,,1,1,1,1
theberry.com,n,alias for thechive,0.1732,200,200,,,,,,,,,,,1,1,1,1
gmailblog.blogspot.com,n,corporate blog,-0.0163,200,200,,,,,,,,,,,1,1,1,1
arcamax.com,y,,-0.0805,4700,200,,,,,,,,,,,1,1,1,1
oilprice.com,,,0.0943,300,100,,,,,,,,1,,,1,1,1,1
ket.org,,,0.1424,200,100,,,,,,,,,,1,0,1,1,1
games.usvsth3m.com,,,-0.139,200,100,,,,,,,,,,,1,1,1,1
wavy.com,,,0.0848,200,100,,,,,,,,,,1,1,1,2,1
dailyjournal.net,,,0.0246,200,100,,,,,,,,,,1,1,1,2,1
economictimes.com,,,-0.0176,200,100,,,,,,,,,,,1,1,1,1
eluniversal.com,,,-0.1345,200,100,,,,,,,1,,,,0,1,1,1
channel3000.com,,,-0.0176,200,100,,,,,,,,,,1,1,1,2,1
ctnow.com,,,-0.1834,200,100,,,,,,,,,,1,1,1,2,1
wsws.org,,,-0.1834,300,100,,,,,,,,1,,,1,1,1,1
theminimalists.com,,,-0.0954,200,100,,,,,,,,0,,,1,1,1,1
coloradostatesman.com,,,0.1389,400,100,,,,,,,,,,1,1,1,2,1
news.hamlethub.com,,,0.1299,400,100,,,,,,,,,,,1,1,1,1
thecanary.co,,,0.1866,200,100,,,,,,,,1,,,1,1,1,1
scoopwhoop.com,,,-0.1254,200,100,,,,,,,,1,,,1,1,1,1
brisbanetimes.com.au,,,-0.0354,200,100,,,,,,,,,,,1,1,1,1
security.blogs.cnn.com,,,0.091,200,100,,,,,,,,,,,1,1,1,1
images.businessweek.com,,,-0.193,200,100,,,,,,,,,,,1,1,1,1
globaltimes.cn,,,-0.0689,400,100,,,,,,,,1,,,1,1,1,1
news-gazette.com,,,0.1922,200,100,,,,,,,,,,1,1,1,2,1
theprovince.com,,,0.0963,200,100,,,,,,,,1,,,1,1,1,1
myrecordjournal.com,,,0.1408,700,100,,,,,,,,,,1,1,1,2,1
androidheadlines.com,,,0.1838,300,100,,,,,,,,1,,,1,1,1,1
youngentrepreneur.com,,,-0.0304,200,100,,,,,,,,,,,1,1,1,1
kansan.com,,,0.1168,300,100,,,,,,,,,,1,0,1,1,1
ktva.com,,,0.1753,400,100,,,,,,,,,,1,1,1,2,1
vaildaily.com,,,0.1017,800,100,,,,,,,,,,1,1,1,2,1
wzzm13.com,,,-0.0763,100,100,,,,,,,,,,1,1,1,2,1
memeburn.com,,,-0.0254,200,100,,,,,,,,,,,1,1,1,1
sunset.com,,,0.1753,200,100,,,,,,,,0,,,1,1,1,1
myfoxdetroit.com,,,0.1895,200,100,-0.3483,,,,,,,,,,1,1,1,1
rochesterfirst.com,,,0.029,500,100,,,,,,,,,,1,1,1,2,1
endpts.com,,,-0.0714,1100,100,,,,,,,1,,,,1,1,2,1
journalgazette.net,,,0.0015,200,100,,,,,,,,,,1,1,1,2,1
medgadget.com,,,-0.0152,300,100,,,,,,,,,,,1,1,1,1
powder.com,,,0.018,300,100,,,,,,,,1,,,1,1,1,1
wtkr.com,,,-0.0491,200,100,,,,,,,,,,1,1,1,2,1
sourcefed.com,,,0.0343,200,100,,,,,,,,,,,1,1,1,1
liherald.com,,,-0.084,200,100,,,,,,,,,,1,1,1,2,1
wacotrib.com,,,0.0503,100,100,,,,,,,,,,1,1,1,2,1
loiter.co,,,0.0396,100,100,,,,,,,,,,,1,1,1,1
koreaherald.com,,,-0.0615,200,100,,,,0,1,,,,,,1,1,1,1
nbc12.com,,,0.0233,200,100,,,,,,,,,,1,1,1,2,1
abcnews4.com,,,0.1335,200,100,,,,,,,,,,1,1,1,2,1
digitalbookworld.com,,,-0.1101,300,100,,,,,,,,,,,1,1,1,1
wildcat.arizona.edu,,,0.1085,400,100,,,,,,,,1,,,1,1,1,1
daily-iowan.com,,,0.012,400,100,,,,,,,,1,,,1,1,1,1
wildsoundfestivalreview.com,,,-0.1051,300,100,,,,,,,,,,,1,1,1,1
wuft.org,,,-0.0338,200,100,,,,,,,,,,1,1,1,2,1
wvutoday.wvu.edu,,,-0.087,300,100,,,,,,,,0,,,1,1,1,1
epicstream.com,,,0.1896,300,100,,,,,,,,,,,1,1,1,1
discover.twitter.com,,,-0.1422,100,100,,,,,,,,,,,1,1,1,1
hightimes.com,,,-0.087,200,100,-0.47665,,,,,,1,,,,0,1,1,1
deveoh.com,,,-0.087,200,100,,,,,,,,,,,1,1,1,1
aspentimes.com,,,-0.1952,400,100,,,,,,,,,,1,1,1,2,1
enterprisenews.com,,,0.0559,200,100,,,,,,,,,,1,1,1,2,1
indiatimes.com,,,-0.0639,200,100,,,,,,,,0,,,1,0,1,1
lifehacker.com.au,,,0.0395,200,100,,,,,,,,,,,1,1,1,1
ibj.com,,,0.1099,200,100,,,,,,,,,,1,1,1,2,1
theolympian.com,,,-0.1516,200,100,,,,,,,,,,1,1,1,2,1
tristateupdate.com,,,0.1256,1200,100,,,,,,,,0,,,1,1,1,1
noticias.univision.com,,,-0.1858,300,100,,,,,,,,,,,1,1,1,1
truththeory.com,,,-0.1087,200,100,,,,,,,,,,,1,1,1,1
exclusive.multibriefs.com,,,0.1157,200,100,,,,,,,,,,,1,1,1,1
xbiz.com,,,-0.1276,300,100,,,,,,,,1,,,1,1,1,1
thestar.com.my,,,-0.0901,100,100,,,,,,,,1,,,1,1,1,1
njmonthly.com,,,-0.0179,200,100,,,,,,,,,,1,1,1,2,1
connecticut.news12.com,,,-0.0356,900,100,,,,,,,,1,,,1,1,1,1
houmatoday.com,,,0.1836,400,100,,,,,,,,,,1,1,1,2,1
sentinelsource.com,,,-0.0849,300,100,,,,,,,,,,1,1,1,2,1
thejc.com,,,-0.0303,200,100,,,,,,,,1,,,1,1,1,1
universityherald.com,,,-0.1036,200,100,,,,,,,,0,,,1,1,1,1
register-herald.com,,,0.1274,600,100,,,,,,,,,,1,1,1,2,1
10tv.com,,,0.1897,100,100,-0.0984,,,,,,,1,,,1,1,1,1
thedaonline.com,,,0.0786,200,100,,,,,,,,,,1,1,1,2,1
nbcpolitics.nbcnews.com,,,-0.1368,200,100,,,,,,,,,,,1,1,1,1
modbee.com,,,0.1274,200,100,,,,,,,,,,1,1,1,2,1
theoaklandpress.com,,,0.045,100,100,,,,,,,,,,1,1,1,2,1
libn.com,,,0.0951,600,100,,,,,,,,,,1,1,1,2,1
news.fiu.edu,,,0.0105,400,100,,,,,,,,1,,,1,1,1,1
tri-cityherald.com,,,0.045,200,100,,,,,,,,,,1,1,1,2,1
middletownpress.com,,,-0.0745,300,100,,,,,,,,,,1,1,1,2,1
myfoxla.com,,,0.1805,200,100,,,,,,,,,,,1,1,1,1
vitals.nbcnews.com,,,-0.0375,200,100,,,,,,,,,,,1,1,1,1
healthleadersmedia.com,,,-0.0015,200,100,,,,,,,,,,,1,1,1,1
heraldstandard.com,,,0.1172,200,100,,,,,,,,,,1,1,1,2,1
welt.de,,,-0.1318,400,100,,,,,,,,1,,,1,1,1,1
dealbreaker.com,,,-0.1464,600,100,,,,,,,,,,,1,1,1,1
d1circuit.com,,,0.1292,600,100,,,,,,,,0,,,1,1,1,1
montgomeryadvertiser.com,,,-0.1615,200,100,,,,,,,,,,1,1,1,2,1
thepennyhoarder.com,,,0.1022,200,100,,,,,,,,0,,,1,1,1,1
purchase.tickets.com,,,0.0508,200,100,,,,,,,,0,,,1,1,1,1
thehindubusinessline.com,,,-0.0209,100,100,,,,,,,,,,,1,1,1,1
danspapers.com,,,0.0154,500,100,,,,,,,,,,,1,1,1,1
mspnews.org,,,0.0682,200,100,,,,,,,,0,,,1,1,1,1
ibnlive.in.com,,,-0.1564,200,100,,,,,,,,,,,1,1,1,1
memeorandum.com,,,-0.0153,200,100,,,,,,,,,,,1,1,1,1
mailtribune.com,,,-0.131,200,100,,,,,,,,,,1,1,1,2,1
alaskadispatch.com,,,0.0913,300,100,,,,,,,,,,,1,1,1,1
elvisduran.iheart.com,,,0.1898,200,100,,,,,,,1,,,,0,1,1,1
deccanchronicle.com,,,-0.072,200,100,,,,,,,,1,,,1,1,1,1
dmagazine.com,,,-0.1877,100,100,,,,,,,,,,1,1,1,2,1
canberratimes.com.au,,,-0.1877,100,100,,,,,,,,1,,,1,1,1,1
theet.com,,,0.1962,300,100,,,,,,,,,,1,1,1,2,1
danoah.com,,,0.1866,200,100,,,,,,,,,,,1,1,1,1
intouchweekly.com,,,-0.0038,200,100,,,,,,,,1,,,1,1,1,1
southflorida.com,,,-0.1003,400,100,,,,,,,,,,,1,1,1,1
cavalierdaily.com,,,-0.1409,200,100,,,,,,,,,,1,1,1,2,1
ledger-enquirer.com,,,-0.199,100,100,,,,,,,,,,1,1,1,2,1
montgomerynews.com,,,-0.1564,200,100,,,,,,,,,,1,1,1,2,1
favstar.fm,,,0.0206,200,100,,,,,,,,,,,1,1,1,1
vcstar.com,,,-0.0749,200,100,,,,,,,,,,1,1,1,2,1
lifeandstylemag.com,,,0.1604,200,100,,,,,,,,1,,,1,1,1,1
thealternativepress.com,,,0.1502,300,100,,,,,,,,,,,1,1,1,1
postonpolitics.blog.palmbeachpost.com,,,0.1502,200,100,,,,,,,,1,,,1,1,1,1
winnipegfreepress.com,,,-0.1939,100,100,,,,,,,,,,,1,1,1,1
krem.com,,,0.081,200,100,,,,,,,1,,,1,1,1,3,1
mainlinemedianews.com,,,-0.0893,200,100,,,,,,,,,,1,1,1,2,1
83degreesmedia.com,,,0.1834,300,100,,,,,,,,,,,1,1,1,1
therichest.com,,,-0.0109,100,100,,,,,,,,0,,,1,1,1,1
mobile.blogs.wsj.com,,,-0.005,200,100,,,,,,,,,,,1,1,1,1
newschannel5.com,,,0.1224,100,100,,,,,,,,,,1,1,1,2,1
joeposnanski.com,,,-0.0837,200,100,,,,,,,,0,,,1,1,1,1
tribdem.com,,,0.1224,700,100,,,,,,,,,,1,1,1,2,1
tass.com,,,-0.1041,100,100,,,,,,,,1,,,1,1,1,1
golocalworcester.com,,,-0.0243,300,100,,,,,,,,,,,1,1,1,1
postbulletin.com,,,0.1734,100,100,,,,,,,,,,1,1,1,2,1
thecelebritycafe.com,,,-0.1404,600,100,,,,,,,,,,,1,1,1,1
wltx.com,,,0.1632,100,100,,,,,,,,,,1,1,1,2,1
mymcpnews.com,,,-0.1193,200,100,,,,,,,,0,,,1,1,1,1
ibtimes.co.in,,,-0.0578,100,100,,,,,,,,,,,1,1,1,1
downeast.com,,,-0.1836,200,100,,,,,,,,,,1,0,1,1,1
reflector.com,,,-0.0578,300,100,,,,,,,,,,1,1,1,2,1
thechive.files.wordpress.com,,,0.1113,200,100,,,,,,,,,,,1,1,1,1
abc6.com,,,-0.032,200,100,,,,,,,,,,1,1,1,2,1
mynbc5.com,,,-0.151,200,100,,,,,,,,1,,,1,1,1,1
bellinghamherald.com,,,-0.0871,100,100,,,,,,,,,,1,1,1,2,1
kvia.com,,,-0.1729,200,100,,,,,,,,,,1,1,1,2,1
kyforward.com,,,0.1064,200,100,,,,,,,,0,,,1,1,1,1
justlabelit.org,,,-0.1294,100,100,,,,,,,,,,,1,1,1,1
tvnewscheck.com,,,0.0513,300,100,,,,,,,,,,,1,1,1,1
blogs.ajc.com,,,0.0883,100,100,,,,,,,,,,,1,1,1,1
wkrg.com,,,0.1309,100,100,,,,,,,,,,1,1,1,2,1
glo.msn.com,,,0.113,200,100,,,,,,,,,,,1,1,1,1
islandpacket.com,,,0.1309,100,100,,,,,,,,,,1,1,1,2,1
articles.courant.com,,,-0.0606,200,100,,,,,,,,,,,1,1,1,1
santacruzsentinel.com,,,-0.1454,100,100,,,,,,,,,,1,1,1,2,1
rudaw.net,,,0.1832,200,100,,,,,,,,,,,1,1,1,1
ljworld.com,,,-0.02,200,100,,,,,,,,,,1,1,1,2,1
thevintagenews.com,,,-0.0813,200,100,,,,,,,,,,,1,1,1,1
scotlandnow.dailyrecord.co.uk,,,0.1901,200,100,,,,,,,,,,,1,1,1,1
elcomercio.pe,,,-0.1398,300,100,,,,,,,,,,,1,1,1,1
thealternativedaily.com,,,0.1866,200,100,,,,,,,,,,,1,1,1,1
weebly.com,,,0.096,200,100,,,,,,,,,,1,0,1,1,1
thepowerofideas.ideapod.com,,,-0.0424,200,100,,,,,,,,,,,1,1,1,1
13newsnow.com,,,0.1512,300,100,,,,,,,,1,,,1,1,1,1
news12.com,,,0.1512,200,100,,,,,,,,,,,1,1,1,1
webwire.com,,,0.1331,200,100,,,,,,,,,,,1,1,1,1
couriermail.com.au,,,-0.0787,100,100,,,,,,,,1,,,1,1,1,1
g1.globo.com,,,-0.1679,200,100,,,,,,,,1,,,1,1,1,1
onlineathens.com,,,0.1399,100,100,,,,,,,,,,1,1,1,2,1
okpolicy.org,,,0.1937,200,100,,,,,,,,0,,,1,1,1,1
todayifoundout.com,,,0.0251,100,100,,0,,,,,,,,,1,1,1,1
a.mynews.ly,,,0.0645,700,100,,,,,,,,,,,1,1,1,1
blogs.dallasobserver.com,,,-0.0091,200,100,,,,,,,,,,,1,1,1,1
dslreports.com,,,0.0114,200,100,,,,,,,,,,,1,1,1,1
prsay.prsa.org,,,0.0114,200,100,,,,,,,,0,,,1,1,1,1
enstarz.com,,,-0.0945,100,100,,,,,,,,1,,,1,1,1,1
entertainthis.usatoday.com,,,0.1284,100,100,,,,,,,,,,,1,1,1,1
thescoopblog.dallasnews.com,,,-0.0945,100,100,,,,,,,,0,,,1,1,1,1
zestynews.com,,,0.1284,200,100,,,,,,,,0,,,1,1,1,1
charlesmilander.com,,,0.0516,200,100,,,,,,,,0,,,1,1,1,1
wisn.com,,,0.0974,100,100,,,,,,,,,,1,1,1,2,1
promotions.people.com,,,0.0974,100,100,,,,,,,,,,,1,1,1,1
kdrv.com,,,0.1539,600,100,,,,,,,,,,1,1,1,2,1
sctimes.com,,,-0.0448,200,100,,,,,,,,,,1,1,1,2,1
wboy.com,,,0.1722,300,100,,,,,,,,,,1,1,1,2,1
jetsetmag.com,,,-0.0236,400,100,,,,,,,,0,,,1,1,1,1
maritime-executive.com,,,0.1424,200,100,,,,,,,,,,,1,1,1,1
lambgoat.com,,,-0.1274,200,100,,,,,,,,0,,,1,1,1,1
oddee.com,,,-0.0822,100,100,,,,,,,,,,,1,1,1,1
juneauempire.com,,,-0.1741,200,100,,,,,,,,,,1,1,1,2,1
blog.nola.com,,,0.1235,200,100,,,,,,,,1,,,1,1,1,1
centraljersey.com,,,-0.1506,100,100,,,,,,,,,,1,1,1,2,1
eqbot.com,,,-0.1923,700,100,,,,,,,,,,,1,1,1,1
blogs.houstonpress.com,,,-0.1923,100,100,,,,,,,,,,,1,1,1,1
kykernel.com,,,0.1682,200,100,,,,,,,,,,1,0,1,1,1
associationsnow.com,,,-0.1923,200,100,,,,,,,,1,,,1,1,1,1
longisland.com,,,0.0789,200,100,,,,,,,,,,,1,1,1,1
todayhealth.today.msnbc.msn.com,,,0.0988,100,100,,,,,,,,,,,1,1,1,1
raiders.com,,,0.1755,300,100,,,,,,,1,,,,0,1,1,1
ancient-origins.net,,,0.0789,300,100,,,,,,,,1,,,1,0,1,1
xda-developers.com,,,0.0587,200,100,,,,,,,1,,,,0,1,1,1
yourhub.denverpost.com,,,-0.1386,200,100,,,,,,,,,,,1,1,1,1
adelaidenow.com.au,,,-0.0409,100,100,,0,,,,,,,,,1,1,1,1
the-digital-reader.com,,,-0.1325,200,100,,,,,,,,,,,1,1,1,1
guff.com,,,-0.1028,100,100,,,,,,,1,,,,1,1,2,1
newyork.newsday.com,,,-0.1264,300,100,,,,,,,,,,,1,1,1,1
ubergizmo.com,,,0.0931,100,100,,,,,,,,1,,,1,1,1,1
abc10.com,,,0.1524,100,100,,,,,,,,,,1,1,1,2,1
modernmom.com,,,0.1131,100,100,,,,,,,,,,,1,1,1,1
wate.com,,,0.198,200,100,,,,,,,,,,1,1,1,2,1
jns.org,,,0.0798,200,100,,,,,,,,,,,1,1,1,1
marinij.com,,,-0.1937,100,100,,,,,,,,,,1,1,1,2,1
cityofbasketballlove.com,,,0.1204,300,100,,,,,,,,0,,,1,1,1,1
valleynewslive.com,,,-0.0276,100,100,,,,,,,,,,1,1,1,2,1
myfoxatlanta.com,,,0.0379,100,100,,,,,,,,,,,1,1,1,1
newjerseyhills.com,,,0.179,200,100,,,,,,,,,,1,1,1,2,1
news.fsu.edu,,,0.1598,200,100,,,,,,,,1,,,1,1,1,1
nhbr.com,,,0.0015,200,100,,,,,,,,,,1,1,1,2,1
montereyherald.com,,,-0.138,100,100,,,,,,,,,,1,1,1,2,1
westfaironline.com,,,-0.1626,200,100,,,,,,,,,,1,1,1,2,1
eastoregonian.com,,,0.1076,200,100,,,,,,,,,,1,1,1,2,1
27east.com,,,-0.0899,200,100,,,,,,,,,,1,1,1,2,1
cyberscoop.com,,,0.0234,300,100,,,,,,,,,,,1,1,1,1
wrcbtv.com,,,0.1477,100,100,,,,,,,,,,1,1,1,2,1
sg.news.yahoo.com,,,-0.1564,100,100,,,,,,,,1,,,1,1,1,1
corriere.it,,,-0.1817,200,100,,,,,,,,1,,,1,1,1,1
wbjournal.com,,,-0.1564,200,100,,,,,,,,,,1,1,1,2,1
postindependent.com,,,0.0944,400,100,,,,,,,,,,1,1,1,2,1
abovethecrowd.com,,,-0.0598,100,100,,,,,,,,,,,1,1,1,1
technicianonline.com,,,0.115,100,100,,,,,,,,,,1,1,1,2,1
louisvilleky.gov,,,-0.1007,200,100,,,,,,,,,,,1,1,1,1
robbreport.com,,,-0.0069,200,100,,,,,,,,1,,,1,1,1,1
nevadaappeal.com,,,0.1226,200,100,,,,,,,,,,1,1,1,2,1
tweetjoke.co,,,-0.0297,300,100,,,,,,,,,,,1,1,1,1
khon2.com,,,0.1429,100,100,,0,,,,,,,,1,0,1,1,1
fox26houston.com,,,0.0594,100,100,,,,,,,,,,1,1,1,2,1
unian.info,,,0.0883,300,100,,,,,,,,,,,1,1,1,1
blog.mysanantonio.com,,,-0.0228,100,100,,,,,,,,1,,,1,1,1,1
blogmaverick.com,,,0.1708,100,100,,,,,,,,0,,,1,1,1,1
wrestlingnewspost.com,,,0.0883,700,100,,,,,,,,0,,,1,1,1,1
jhnewsandguide.com,,,0.1094,300,100,,,,,,,,,,1,1,1,2,1
sciencealert.com.au,,,-0.0699,100,100,,,,,,,,,,,1,1,1,1
thehypemagazine.com,,,-0.1952,200,100,,,,,,,,,,1,0,1,1,1
3news.co.nz,,,-0.0941,100,100,,,,,,,,,,,1,1,1,1
myfoxchicago.com,,,0.1906,100,100,-0.342,,,,,,,,,,1,1,1,1
moneyland.time.com,,,-0.0391,100,100,,,,,,,,,,,1,1,1,1
allgov.com,,,-0.1564,100,100,,,,,,,,,,,1,1,1,1
koreatimes.co.kr,,,0.0147,200,100,,,,,,,,,,,1,1,1,1
rdmag.com,,,-0.0805,400,100,,,,,,,,,,,1,1,1,1
paulocoelhoblog.com,,,-0.1053,100,100,,,,,,,,,,,1,1,1,1
exitevent.com,,,-0.056,200,100,,,,,,,,,,,1,1,1,1
centralkynews.com,,,0.1664,400,100,,,,,,,,,,1,0,1,1,1
katv.com,,,0.1035,500,100,,,,,,,,,,1,1,1,2,1
lifeinc.today.com,,,-0.0805,100,100,,,,,,,,,,,1,1,1,1
fiercecable.com,,,-0.0012,300,100,,,,,,,,,,,1,1,1,1
kayfabenews.com,,,0.0896,300,100,,,,,,,,0,,,1,1,1,1
daily-times.com,,,0.045,300,100,,,,,,,,,,1,1,1,2,1
courantblogs.com,,,-0.0985,300,100,,,,,,,,,,,1,1,1,1
cyclingtips.com,,,-0.1499,200,100,,,,,,,,,,,1,1,1,1
transportation.gov,,,-0.0735,100,100,,,,,,,,0,,,1,1,1,1
arabianbusiness.com,,,-0.1763,100,100,,,,,,,,1,,,1,1,1,1
ansa.it,,,-0.0985,200,100,,,,,,,,,,,1,1,1,1
in.news.yahoo.com,,,-0.1698,100,100,,,,,,,,,,,1,1,1,1
rbth.com,,,-0.0176,200,100,,,,,,,,,,,1,1,1,1
beta.dallasnews.com,,,-0.1968,100,100,,,,,,,,0,,,1,1,1,1
norwichbulletin.com,,,0.1192,200,100,,,,,,,1,,,1,1,1,3,1
theprp.com,,,-0.0102,100,100,,,,,,,,0,,,1,1,1,1
readfrontier.org,,,-0.1631,100,100,,,,,,,,0,,,1,1,1,1
stlouis.cbslocal.com,,,-0.1364,100,100,,,,,,,,1,,,1,1,1,1
thevane.gawker.com,,,-0.1631,100,100,,,,,,,,,,,1,1,1,1
kjonline.com,,,0.0603,100,100,,,,,,,,,,,1,1,1,1
article.wn.com,,,0.0138,200,100,,,,,,,,0,,,1,1,1,1
jconline.com,,,0.091,100,100,,,,,,,,,,1,1,1,2,1
odwyerpr.com,,,0.0214,100,100,,,,,,,,,,,1,1,1,1
niagara-gazette.com,,,0.1133,500,100,,,,,,,,,,1,1,1,2,1
atimes.com,,,0.045,200,100,,,,,,,,,,,1,1,1,1
houston.culturemap.com,,,0.091,100,100,,,,,,,,1,,,1,1,1,1
editorandpublisher.com,,,-0.0701,100,100,,,,,,,,,,,1,1,1,1
bild.de,,,0.1436,300,100,,,,,,,,1,,,1,1,1,1
llnyc.com,,,0.0291,200,100,,,,,,,,,,,1,1,1,1
wyofile.com,,,0.005,1300,100,,,,,,,,,,,1,1,1,1
armenianweekly.com,,,-0.0196,300,100,,,,,,,,,,1,1,1,2,1
dailyindependent.com,,,0.0761,200,100,,,,,,,,,,1,1,1,2,1
toxel.com,,,0.005,100,100,,,,,,,,,,,1,1,1,1
about.att.com,,,-0.0889,200,100,,,,,,,,0,,,1,1,1,1
wtvq.com,,,0.1737,200,100,,,,,,,,,,1,1,1,2,1
alternativenation.net,,,0.0127,100,100,,,,,,,,1,,,1,1,1,1
thereporteronline.com,,,0.1298,300,100,,,,,,,,,,1,1,1,2,1
dailybreeze.com,,,-0.0628,100,100,,,,,,,,,,1,1,1,2,1
long-island.newsday.com,,,-0.0889,200,100,,,,,,,,,,,1,1,1,1
abs-cbnnews.com,,,-0.1426,200,100,,,,,,,,,,,1,1,1,1
kirotv.com,,,0.1382,100,100,-0.1907,,,,,,,,,1,1,1,2,1
missuniverse.com,,,0.1823,100,100,,,,,,,,0,,,1,1,1,1
timesofsandiego.com,,,-0.1083,200,100,,,,,,,,,,,1,1,1,1
soapcentral.com,,,0.045,200,100,,,,,,,,0,,,1,1,1,1
worcestermag.com,,,-0.1634,100,100,,,,,,,,1,,,1,1,1,1
oceandrive.com,,,0.1823,100,100,,,,,,,,,,,1,1,1,1
wsfa.com,,,0.1467,100,100,0.1107,,,,,,,,,1,1,1,2,1
arkansasmatters.com,,,0.0286,100,100,,,,,,,,1,,,1,1,1,1
bigappled.com,,,-0.0741,200,100,,,,,,,,,,,1,1,1,1
wmcactionnews5.com,,,0.1239,100,100,,,,,,,,1,,,1,1,1,1
doug-sandler-3bnl.squarespace.com,,,0.191,2100,100,,,,,,,,,,,1,1,1,1
erietvnews.com,,,0.191,100,100,,,,,,,,,,,1,1,1,1
mobile.news.com.au,,,0.1239,100,100,,,,,,,,,,,1,1,1,1
nwaonline.com,,,-0.0476,100,100,,,,,,,,,,1,1,1,2,1
politics.suntimes.com,,,-0.1564,100,100,,,,,,,,,,,1,1,1,1
pasadenastarnews.com,,,-0.0476,100,100,,,,,,,,,,1,1,1,2,1
techvibes.com,,,0.1553,100,100,,,,,,,,,,,1,1,1,1
news.slashdot.org,,,-0.1493,200,100,,,,,,,,,,,1,1,1,1
folioweekly.com,,,0.0367,300,100,,,,,,,,,,1,1,1,2,1
anonhq.com,,,0.0613,100,100,-0.4102,,,,,,1,,,,1,1,2,1
lego.gizmodo.com,,,0.0367,100,100,,,,,,,,,,,1,1,1,1
abc6onyourside.com,,,0.1325,100,100,,,,,,,,,,1,1,1,2,1
flashalert.net,,,-0.1211,100,100,,,,,,,,0,,,1,1,1,1
newschannel9.com,,,0.1998,100,100,,,,,,,,,,1,1,1,2,1
airspacemag.com,,,-0.032,100,100,,,,,,,,,,,1,1,1,1
pjstar.com,,,0.045,100,100,,,,,,,,,,1,1,1,2,1
streamingmedia.com,,,0.094,200,100,,,,,,,,,,,1,1,1,1
news.wbfo.org,,,-0.142,100,100,,,,,,,,1,,,1,1,1,1
huzlers.com,,,0.0697,100,100,-0.4188,,,,,,1,,,,1,1,2,1
yro.slashdot.org,,,-0.1137,100,100,,,,,,,,,,,1,1,1,1
offgridquest.com,,,-0.1137,100,100,,,,,,,,,,,1,1,1,1
interactives.dallasnews.com,,,-0.1637,100,100,,,,,,,,1,,,1,1,1,1
insidebayarea.com,,,-0.1934,100,100,,,,,,,,,,,1,1,1,1
splicetoday.com,,,-0.1062,400,100,,,,,,,,,,,1,1,1,1
ca.reuters.com,,,0.1957,100,100,,,,,,,,,,,1,1,1,1
runnerspace.com,,,0.15,100,100,,,,,,,,0,,,1,1,1,1
japantoday.com,,,0.0534,200,100,,,,,,,,,,,1,1,1,1
yle.fi,,,0.0281,100,100,,,,,,,,,,,1,0,1,1
theherald.com.au,,,-0.1062,100,100,,,,,,,,,,,1,1,1,1
einnews.com,,,-0.0241,100,100,,,,,,,,1,,,1,1,1,1
thespiritscience.net,,,0.0534,100,100,,,,,,,,,,,1,1,1,1
space.io9.com,,,-0.1564,100,100,,,,,,,,,,,1,1,1,1
idsnews.com,,,0.0105,100,100,,,,0,0,,,,,1,1,1,2,1
jetreidliterary.blogspot.com,,,-0.0429,100,100,,,,,,,,,,,1,1,1,1
wrestlinginc.com,,,0.0619,100,100,,,,,,,,1,,,1,1,1,1
collegian.com,,,-0.1564,500,100,,,,,,,,,,1,1,1,2,1
bakersfield.com,,,-0.0985,100,100,,,,,,,,,,1,1,1,2,1
dailyiowan.com,,,-0.0704,100,100,,,,,,,,,,1,1,1,2,1
govloop.com,,,-0.0704,200,100,,,,,,,,,,,1,1,1,1
qconline.com,,,0.045,100,100,,,,,,,,,,1,1,1,2,1
bjpenn.com,,,0.1913,100,100,,,,,,,,1,,,1,1,1,1
thewesterlysun.com,,,-0.0077,300,100,,,,,,,,,,1,1,1,2,1
sgvtribune.com,,,-0.0625,100,100,,,,,,,,,,1,1,1,2,1
fistfuloftalent.com,,,0.0705,300,100,,,,,,,,,,,1,1,1,1
tech.slashdot.org,,,0.1202,100,100,,,,,,,,,,,1,1,1,1
kitv.com,,,-0.0265,100,100,,,,,,,,,,1,1,1,2,1
thestarphoenix.com,,,-0.0828,100,100,,,,,,,,,,,1,1,1,1
inagist.com,,,0.0007,100,100,,,,,,,,,,,1,1,1,1
go.cnn.com,,,-0.1118,100,100,,,,,,,1,,,,0,1,1,1
meetingsnet.com,,,0.0007,200,100,,,,,,,,,,,1,1,1,1
newshub.co.nz,,,-0.0828,100,100,,,,,,,,1,,,1,1,1,1
moneywatch.bnet.com,,,0.0537,100,100,,,,,,,,,,,1,1,1,1
skynews.com.au,,,0.1535,100,100,,,,,,,,1,,,1,1,1,1
ibtimes.com.au,,,-0.1414,100,100,,,,,,,,1,,,1,1,1,1
highlighthollywood.com,,,0.1535,200,100,,,,,,,,,,,1,1,1,1
theislandnow.com,,,-0.0181,400,100,,,,,,,,,,1,1,1,2,1
on.wlbz2.com,,,0.1136,200,100,,,,,,,,,,,1,1,1,1
thurrott.com,,,0.1866,300,100,,,,,,,,,,,1,1,1,1
crainscleveland.com,,,0.1384,100,100,,,,,,,,,,1,1,1,2,1
wpdh.com,,,0.0883,200,100,,,,,,,,,,,1,1,1,1
blog.masslive.com,,,0.0883,100,100,,,,,,,,1,,,1,1,1,1
weatherplus.blog.palmbeachpost.com,,,-0.0181,400,100,,,,,,,,1,,,1,1,1,1
worldobserveronline.com,,,-0.0665,100,100,,,,,,,,,,,1,1,1,1
cityweekly.net,,,-0.0958,100,100,,,,,,,,,,1,1,1,2,1
fairfieldcitizenonline.com,,,-0.0665,1300,100,,,,,,,,,,1,1,1,2,1
themonitor.com,,,0.1228,100,100,,,,,,,,,,1,1,1,2,1
wmctv.com,,,0.0974,100,100,,,,,,,,,,1,1,1,2,1
secure.interactiveticketing.com,,,-0.0096,100,100,,,,,,,,,,,1,1,1,1
crunchbase.com,,,0.0974,100,100,,,,,,,,,,,1,1,1,1
news.wjct.org,,,0.0974,400,100,,,,,,,,,,,1,1,1,1
worldcrunch.com,,,-0.1877,100,100,,,,,,,,,,,1,1,1,1
d24w6bsrhbeh9d.cloudfront.net,,,0.045,100,100,,,,,,,,,,,1,1,1,1
interpretermag.com,,,0.0268,200,100,,,,,,,,,,,1,1,1,1
photos.nola.com,,,-0.0292,100,100,,,,,,,,,,,1,1,1,1
photoblog.nbcnews.com,,,-0.0876,100,100,,,,,,,,,,,1,1,1,1
national.suntimes.com,,,0.054,100,100,,,,,,,,0,,,1,1,1,1
joebower.org,,,-0.0876,100,100,,,,,,,,,,,1,1,1,1
theforecaster.net,,,-0.1801,200,100,,,,,,,,,,1,1,1,2,1
registercitizen.com,,,0.0268,300,100,,,,,,,,,,1,1,1,2,1
ucfnews.com,,,0.1066,200,100,,,,,,,,0,,,1,1,1,1
tahlequahdailypress.com,,,0.1322,800,100,,,,,,,,,,1,1,1,2,1
virginia.org,,,0.1572,100,100,,,,,,,,,,,1,1,1,1
hudsonvalleynewsnetwork.com,,,-0.0009,200,100,,,,,,,,,,,1,1,1,1
thedaily.com,,,0.1066,100,100,,,,,,,,,,,1,1,1,1
wkbn.com,,,0.1818,100,100,,,,,,,,,,1,0,1,1,1
sandiegoreader.com,,,0.0358,300,100,,,,,,,,,,1,1,1,2,1
social.entertainment.msn.com,,,0.116,100,100,,,,,,,,,,,1,1,1,1
wsls.com,,,-0.0205,100,100,,,,,,,,,,1,1,1,2,1
ria.ru,,,-0.0205,100,100,,,,,,,,,,,1,1,1,1
digitalinformationworld.com,,,0.0899,800,100,,,,,,,,,,,1,1,1,1
hospitalitynet.org,,,0.1417,100,100,,,,,,,1,,,,0,1,1,1
breakingdefense.com,,,0.1669,700,100,,,,,,,,,,,1,1,1,1
cbs58.com,,,-0.1724,100,100,,,,,,,,,,1,1,1,2,1
thv11.com,,,0.1767,100,100,,,,,,,,1,,,1,1,1,1
fox5sandiego.com,,,0.1514,100,100,,,,,,,,,,1,1,1,2,1
tech.firstpost.com,,,0.017,100,100,,,,,,,,,,,1,1,1,1
themalaymailonline.com,,,-0.0708,100,100,,,,,,,,,,,1,1,1,1
pressrepublican.com,,,-0.0708,300,100,,,,,,,,,,1,1,1,2,1
tass.ru,,,-0.0708,100,100,,,,,,,,,,,1,1,1,1
twowritingteachers.wordpress.com,,,-0.0409,200,100,,,,,,,,,,,1,1,1,1
newsleader.com,,,-0.0708,100,100,,,,,,,,,,1,1,1,2,1
awarenessact.com,,,0.1256,100,100,,,,,,,1,,,,1,1,2,1
ideo.com,,,-0.1971,100,100,,,,,,,,0,,,1,1,1,1
outsidethebeltway.com,,,0.0724,100,100,,,,,,,,,,,1,1,1,1
storypick.com,,,-0.1893,100,100,,,,,,,,,,,1,1,1,1
sbsun.com,,,0.1353,100,100,,,,,,,,,,1,1,1,2,1
vosizneias.com,,,0.1613,300,100,,,,,,,,,,,1,1,1,1
ocfl.net,,,0.1353,200,100,,,,,,,,,,,1,1,1,1
wbrc.com,,,-0.1893,100,100,,,,,,,,,,1,1,1,2,1
theeagle.com,,,-0.0928,100,100,,,,,,,,,,1,1,1,2,1
state-journal.com,,,-0.0621,100,100,,,,-0.5,-0.5,,,,,1,1,1,2,1
nodq.com,,,-0.032,300,100,,,,,,,,0,,,1,1,1,1
twice.com,,,0.1353,100,100,,,,,,,,,,,1,1,1,1
todayentertainment.today.com,,,-0.0026,100,100,,,,,,,,,,,1,1,1,1
impressions.tumblr.com,,,0.1968,200,100,,,,,,,,,,,1,1,1,1
hodinkee.com,,,-0.0533,100,100,,,,,,,,,,,1,1,1,1
mihsislander.org,,,-0.1158,100,100,,,,,,,,0,,,1,1,1,1
thelantern.com,,,0.1968,100,100,,,,,,,,,,1,1,1,2,1
6lawrence.com,,,0.1713,300,100,,,,,,,,,,,1,1,1,1
thescottishsun.co.uk,,,-0.0443,100,100,,,,,,,,0,,,1,1,1,1
crimeonline.com,,,0.1286,400,100,,,,,,,,1,,,1,1,1,1
stardem.com,,,0.0735,300,100,,,,,,,,,,1,1,1,2,1
markgeoffreykirshner.com,,,0.1286,200,100,,,,,,,,0,,,1,1,1,1
kbtx.com,,,-0.0754,100,100,,,,,,,,,,1,1,1,2,1
centralfloridafuture.com,,,0.1815,100,100,,,,,,,,,,1,1,1,2,1
euromaidanpress.com,,,0.045,300,100,,,,,,,,,,,1,1,1,1
cronkitenewsonline.com,,,0.1656,200,100,,,,,,,,,,,1,1,1,1
t.now.msn.com,,,-0.0351,400,100,,,,,,,,,,,1,1,1,1
weather.aol.com,,,0.1387,100,100,,,,,,,,,,,1,1,1,1
lipulse.com,,,0.0254,200,100,,,,,,,,,,,1,1,1,1
nrtoday.com,,,0.0254,300,100,,,,,,,,,,1,1,1,2,1
aftonbladet.se,,,-0.1649,100,100,,,,,,,,1,,,1,1,1,1
westernmassnews.com,,,-0.0665,200,100,,,,,,,,,,1,1,1,2,1
econotimes.com,,,0.0547,100,100,,,,,,,,,,,1,1,1,1
voices.suntimes.com,,,0.0254,100,100,,,,,,,,,,,1,1,1,1
europapress.es,,,-0.0665,100,100,,,,,,,,,,,1,1,1,1
anarchistsoccermom.blogspot.com,,,0.1387,100,100,,,,,,,,,,,1,1,1,1
lifeinc.today.msnbc.msn.com,,,0.0833,100,100,,,,,,,,,,,1,1,1,1
multihousingnews.com,,,-0.0573,300,100,,,,,,,,,,,1,1,1,1
nkotb.com,,,0.0933,100,100,,,,,,,,,,,1,1,1,1
lacrossetribune.com,,,0.1215,100,100,,,,,,,,,,1,1,1,2,1
whatstrending.com,,,-0.1564,100,100,,,,,,,,0,,,1,1,1,1
news.wfsu.org,,,0.0645,200,100,,,,,,,,,,,1,1,1,1
eurasiareview.com,,,-0.0573,100,100,,,,,,,,,,,1,1,1,1
greenfieldreporter.com,,,-0.0896,100,100,,,,,,,,,,1,0,1,1,1
quoteinvestigator.com,,,-0.1911,100,100,,,,,,,,,,,1,1,1,1
listorious.com,,,0.005,100,100,,,,,,,,,,,1,1,1,1
blogs.newsobserver.com,,,0.0933,200,100,,,,,,,,,,,1,1,1,1
suffolktimes.timesreview.com,,,0.0645,100,100,,,,,,,,,,,1,1,1,1
albawaba.com,,,-0.0258,100,100,,,,,,,,,,,1,1,1,1
newsbreakapp.com,,,0.1215,300,100,,,,,,,,,,,1,1,1,1
tmj4.com,,,0.0933,100,100,,,,,,,,1,,,1,1,1,1
aurorasentinel.com,,,0.0746,200,100,,,,,,,,,,1,1,1,2,1
sueddeutsche.de,,,-0.1478,100,100,,,,,,,,1,,,1,1,1,1
hashtags.org,,,-0.0805,100,100,,,,,,,,,,,1,1,1,1
signonsandiego.com,,,0.1595,100,100,,,,,,,,,,,1,1,1,1
wusfnews.wusf.usf.edu,,,0.1318,100,100,,,,,,,,,,,1,1,1,1
tut.com,,,-0.1827,200,100,,,,,,,,,,,1,1,1,1
pravda.com.ua,,,0.045,200,100,,,,,,,,,,,1,1,1,1
fredericksburg.com,,,-0.1827,100,100,,,,,,,,,,1,1,1,2,1
creationent.com,,,0.0746,100,100,,,,,,,,0,,,1,1,1,1
amnews.cc,,,-0.0163,100,100,,,,,,,,0,,,1,1,1,1
dailynewsdig.com,,,0.045,100,100,,,,,,,,,,,1,1,1,1
ewao.com,,,-0.1478,100,100,,,,,,,,0,,,1,0,1,1
yakimaherald.com,,,-0.139,100,100,,,,,,,,,,1,0,1,1,1
vtnews.vt.edu,,,-0.1741,100,100,,,,,,,0,,,,1,1,1,1
keyetv.com,,,0.1975,100,100,,,,,,,,,,1,1,1,2,1
thedailyjournal.com,,,0.0551,200,100,,,,,,,,,,1,1,1,2,1
13abc.com,,,0.1424,100,100,,,,,,,,,,1,1,1,2,1
marshawright.com,,,0.0848,200,100,,,,,,,,,,,1,1,1,1
ripoffreport.com,,,0.1702,100,100,,,,,,,,,,,1,1,1,1
leaderpost.com,,,-0.1046,100,100,,,,,,,,,,,1,1,1,1
myneworleans.com,,,-0.0066,100,100,,,,,,,,,,1,0,1,1,1
fiercemedicaldevices.com,,,0.1531,300,100,,,,,,,,,,,1,1,1,1
fltimes.com,,,-0.1654,100,100,,,,,,,,,,1,1,1,2,1
gulf-times.com,,,-0.0617,100,100,,,,,,,,,,,1,1,1,1
counton2.com,,,-0.1299,100,100,,,,,,,,,,1,1,1,2,1
aa.com.tr,,,-0.0954,100,100,,,,,,,,,,,1,1,1,1
runrun.es,,,0.0347,100,100,,,,,,,,,,,1,1,1,1
thelcn.com,,,0.1811,100,100,,,,,,,,,,1,1,1,2,1
uptownmessenger.com,,,-0.1299,300,100,,,,,,,,,,,1,1,1,1
indefinitelywild.gizmodo.com,,,-0.1207,100,100,,,,,,,,,,,1,1,1,1
inoveryourhead.net,,,0.1059,100,100,,,,,,,,,,,1,1,1,1
graphicsweb.wsj.com,,,-0.1564,100,100,,,,,,,,,,,1,1,1,1
tvtechnology.com,,,0.1353,200,100,,,,,,,,,,,1,1,1,1
thedailystar.com,,,0.0134,100,100,,,,,,,,,,1,1,1,2,1
ktvq.com,,,0.1353,100,100,,,,,,,,,,1,1,1,2,1
ban.jo,,,-0.0189,200,100,,,,,,,,,,,1,1,1,1
helenair.com,,,-0.193,100,100,,,,,,,,,,1,1,1,2,1
news.met.police.uk,,,-0.052,100,100,,,,,,,,0,,,1,1,1,1
steamboattoday.com,,,0.1353,500,100,,,,,,,,,,1,1,1,2,1
blog.phillypolice.com,,,-0.0189,400,100,,,,,,,,,,,1,1,1,1
askamanager.org,,,-0.1473,100,100,,,,,,,,,,,1,1,1,1
njtransit.com,,,0.0865,100,100,,,,,,,,,,,1,1,1,1
foxrochester.com,,,-0.0421,100,100,,,,,,,,,,1,1,1,2,1
mydaytondailynews.com,,,0.1168,100,100,,,,,,,,1,,,1,1,1,1
wdtn.com,,,0.1168,100,100,,,,,,,,,,1,1,1,2,1
20committee.com,,,0.0865,100,100,,,,,,,,,,,1,1,1,1
inlander.com,,,-0.0088,100,100,,,,,,,,,,,1,1,1,1
wgnradio.com,,,0.0237,100,100,,,,,,,,1,,,1,1,1,1
droughtmonitor.unl.edu,,,0.0865,100,100,,,,,,,,,,,1,1,1,1
thesouthern.com,,,0.0015,100,100,,,,,,,,,,1,1,1,2,1
alphr.com,,,0.0662,100,100,,,,,,,,,,,1,1,1,1
whsv.com,,,0.0343,100,100,,,,,,,,,,1,1,1,2,1
economistgroup.com,,,-0.0665,100,100,,,,,,,,,,,1,1,1,1
bloombergquint.com,,,-0.0665,100,100,,,,,,,,,,,1,1,1,1
photos.pennlive.com,,,0.0662,200,100,,,,,,,,,,,1,1,1,1
bold.global,,,0.0343,200,100,,,,,,,,0,,,1,1,1,1
keranews.org,,,0.1576,100,100,,,,,,,,1,,,1,1,1,1
tpdnews411.com,,,-0.1751,100,100,,,,,,,,,,,1,1,1,1
members.jacksonville.com,,,0.1278,100,100,,,,,,,,,,,1,1,1,1
taosnews.com,,,-0.1751,100,100,,,,,,,,,,1,1,1,2,1
wkow.com,,,0.0343,700,100,,,,,,,,1,,,1,1,1,1
randomactsofkindness.org,,,0.0662,100,100,,,,,,,,,,,1,1,1,1
wersm.com,,,-0.1659,200,100,,,,,,,,,,,1,1,1,1
kleinspiration.com,,,0.045,100,100,,,,,,,,,,,1,1,1,1
reddirtreport.com,,,0.012,100,100,,,,,,,1,,,,1,1,2,1
noozhawk.com,,,-0.1284,100,100,,,,,,,,,,1,1,1,2,1
soccer.nbcsports.com,,,0.1085,100,100,,,,,,,,0,,,1,1,1,1
photos.ellen.warnerbros.com,,,-0.0217,100,100,,,,,,,,,,,1,1,1,1
gloucestertimes.com,,,-0.0564,100,100,,,,,,,,,,1,0,1,1,1
erienewsnow.com,,,0.169,1100,100,,,,,,,,0,,,1,1,1,1
health.wusf.usf.edu,,,-0.0919,100,100,,,,,,,,,,,1,1,1,1
urbanmilwaukee.com,,,-0.0919,100,100,,,,,,,,,,,1,1,1,1
chattanoogan.com,,,0.045,100,100,,,,,,,,,,1,1,1,2,1
ksbw.com,,,-0.0217,100,100,,,,,,,,,,1,1,1,2,1
newdelhitimes.com,,,0.1085,900,100,,,,,,,,1,,,1,1,1,1
inbound.com,,,-0.0564,100,100,,,,,,,,,,,1,1,1,1
fiercehealthpayer.com,,,0.0559,200,100,,,,,,,,,,,1,1,1,1
yajagoff.com,,,0.1199,100,100,,,,,,,,,,,1,1,1,1
laboratoryequipment.com,,,-0.1952,100,100,,,,,,,,,,,1,1,1,1
memphisdailynews.com,,,-0.1564,100,100,,,,,,,,,,1,1,1,2,1
the-open-mind.com,,,-0.1564,100,100,,,,,,,,,,,1,1,1,1
beautybrite.com,,,0.1507,200,100,,,,,,,,,,,1,1,1,1
whio.com,,,0.1199,100,100,-0.0029,,,,,,,1,,,1,1,1,1
informationclearinghouse.info,,,0.0228,200,100,,,,,,,,,,,1,1,1,1
newindianexpress.com,,,-0.0819,100,100,,,,,,,,,,,1,1,1,1
bottomline.nbcnews.com,,,-0.1187,100,100,,,,,,,,,,,1,1,1,1
massdevice.com,,,0.0883,200,100,,,,,,,,,,,1,1,1,1
burson-marsteller.com,,,-0.1187,100,100,,,,,,,,,,,1,1,1,1
itpro.co.uk,,,0.0559,100,100,,,,,,,,,,,1,1,1,1
centralctcommunications.com,,,-0.0112,100,100,,,,,,,,,,1,0,1,1,1
mainlinetoday.com,,,0.1507,200,100,,,,,,,,,,,1,1,1,1
ottawasun.com,,,0.1807,100,100,,,,,,,,,,,1,1,1,1
thepacker.com,,,0.1624,300,100,,,,,,,,,,,1,1,1,1
thenewatlantis.com,,,0.1624,100,100,,,,,,,,,,,1,1,1,1
theawesomer.com,,,-0.1087,100,100,,,,,,,,0,,,1,1,1,1
warwickonline.com,,,-0.1858,100,100,,,,,,,,,,1,1,1,2,1
thegameawards.com,,,0.0997,200,100,,,,,,,,0,,,1,1,1,1
joe.ie,,,-0.0717,100,100,,,,,,,,1,,,1,1,1,1
cosmiclog.nbcnews.com,,,-0.1467,100,100,,,,,,,,,,,1,1,1,1
bungalower.com,,,0.0671,100,100,,,,,,,,,,,1,1,1,1
milforddailynews.com,,,-0.0005,200,100,,,,,,,,,,1,1,1,2,1
itworldcanada.com,,,0.0997,100,100,,,,,,,,,,,1,1,1,1
firstwordpharma.com,,,-0.0717,100,100,,,,,,,,,,,1,1,1,1
bfmtv.com,,,-0.1467,100,100,,,,,,,,,,,1,1,1,1
publicbroadcasting.net,,,-0.1763,100,100,,,,,,,,,,,1,1,1,1
wibx950.com,,,0.1744,100,100,,,,,,,,,,,1,1,1,1
napavalleyregister.com,,,0.1744,100,100,,,,,,,,,,1,1,1,2,1
yankeemagazine.com,,,-0.0249,100,100,,,,,,,,,,1,0,1,1,1
gcaptain.com,,,0.0105,200,100,,,,,,,,,,,1,1,1,1
cecildaily.com,,,0.1744,100,100,,,,,,,,,,1,1,1,2,1
delawarestatenews.net,,,0.0786,300,100,,,,,,,,,,1,1,1,2,1
thelocal.es,,,0.1113,100,100,,,,,,,,,,,1,1,1,1
enenews.com,,,0.1113,200,100,,,,,,,,,,,1,1,1,1
lavanguardia.com,,,-0.1368,100,100,,,,,,,,,,,1,1,1,1
thedickinsonpress.com,,,0.1744,100,100,,,,,,,,,,1,1,1,2,1
dailycomet.com,,,0.045,100,100,,,,,,,,,,1,1,1,2,1
northcountrypublicradio.org,,,-0.1763,200,100,,,,,,,,,,,1,1,1,1
lfpress.com,,,0.0105,100,100,,,,,,,,,,,1,1,1,1
crave.cnet.co.uk,,,-0.1763,100,100,,,,,,,,,,,1,1,1,1
wdam.com,,,0.1866,100,100,,,,,,,,,,1,1,1,2,1
voiceofrussia.com,,,-0.0505,200,100,,,,,,,,,,,1,1,1,1
cambridge-news.co.uk,,,-0.0139,100,100,,,,,,,,1,,,1,1,1,1
aolnews.com,,,0.1866,100,100,,,,,,,,,,,1,1,1,1
taipeitimes.com,,,-0.0505,100,100,,,,,,,,,,,1,1,1,1
stevieawards.com,,,0.0903,100,100,,,,,,,,,,,1,1,1,1
wilmingtonbiz.com,,,0.0903,100,100,,,,,,,,,,,1,1,1,1
ozarksfirst.com,,,0.1232,100,100,,,,,,,,,,1,1,1,2,1
raleighco.com,,,-0.0881,200,100,,,,,,,,,,,1,1,1,1
eveningtimes.co.uk,,,-0.0881,100,100,,,,,,,,,,,1,1,1,1
rbjdaily.com,,,0.1866,100,100,,,,,,,,,,,1,1,1,1
krcrtv.com,,,-0.0139,100,100,,,,,,,,,,1,1,1,2,1
live.cnet.com,,,0.1553,100,100,,,,,,,,0,,,1,1,1,1
wvalways.com,,,0.0565,200,100,,,,,,,,0,,,1,1,1,1
list25.com,,,0.0218,100,100,,,,,,,,,,,1,1,1,1
dailybulletin.com,,,0.1866,100,100,,,,,,,,,,1,1,1,2,1
lifedaily.com,,,0.0903,100,100,,,,,,,,,,,1,1,1,1
businessinsider.sg,,,-0.0139,100,100,,,,,,,,,,,1,1,1,1
photos.orlandoweekly.com,,,0.1353,100,100,,,,,,,,,,,1,1,1,1
home.edweb.net,,,-0.0026,200,100,,,,,,,,,,,1,1,1,1
wbal.tv,,,0.1022,100,100,,,,,,,,,,,1,1,1,1
nwherald.com,,,0.1991,100,100,,,,,,,,,,1,1,1,2,1
blog.ravenpublicity.com,,,0.1353,200,100,,,,,,,,,,,1,1,1,1
midhudsonnews.com,,,-0.0026,200,100,,,,,,,,,,1,1,1,2,1
gafollowers.com,,,0.1991,100,100,,,,,,,,0,,,1,1,1,1
riverheadlocal.com,,,0.1353,100,100,,,,,,,,,,,1,1,1,1
outlandertvnews.com,,,0.0682,100,100,,,,,,,,,,,1,1,1,1
capecod.com,,,0.0682,100,100,,,,,,,,,,,1,1,1,1
wmbfnews.com,,,0.1677,100,100,,,,,,,,1,,,1,1,1,1
provideocoalition.com,,,-0.1977,200,100,,,,,,,,,,,1,1,1,1
onenewspage.com,,,0.1353,100,100,,,,,,,,,,,1,1,1,1
musicfeeds.com.au,,,0.0332,100,100,,,,,,,,1,,,1,1,1,1
dougsandler.com,,,0.1991,600,100,,,,,,,,,,,1,1,1,1
news5cleveland.com,,,0.1991,100,100,,,,,,,,1,,,1,1,1,1
oleantimesherald.com,,,0.1677,100,100,,,,,,,,,,1,1,1,2,1
pantagraph.com,,,-0.0395,100,100,,,,,,,,,,1,1,1,2,1
emirates247.com,,,-0.1877,100,100,,,,,,,,,,,1,1,1,1
jewishvoiceny.com,,,0.0089,100,100,,,,,,,,,,,1,0,1,1
newarkpostonline.com,,,0.1144,1200,100,,,,,,,,,,1,1,1,2,1
thebaynet.com,,,-0.0283,100,100,,,,,,,,,,,1,1,1,1
wsav.com,,,0.0089,100,100,,,,,,,,,,1,1,1,2,1
bocamag.com,,,0.1477,200,100,,,,,,,,,,,1,1,1,1
biocentury.com,,,-0.1461,100,100,,,,,,,,,,,1,1,1,1
noticias24.com,,,-0.1057,100,100,,,,,,,,,,,1,1,1,1
seniorhousingnews.com,,,0.1477,100,100,,,,,,,,,,,1,1,1,1
abcnewsradioonline.com,,,-0.1461,100,100,,,,,,,,,,,1,1,1,1
capemaycountyherald.com,,,0.1802,100,100,,,,,,,,,,1,1,1,2,1
12newsnow.com,,,0.1802,100,100,,,,,,,,,,1,1,1,2,1
parkrecord.com,,,0.0802,100,100,,,,,,,,,,1,1,1,2,1
blisstree.com,,,-0.1356,100,100,,,,,,,,,,,1,1,1,1
rutlandherald.com,,,-0.1776,100,100,,,,,,,,,,1,1,1,2,1
northeasttimes.com,,,0.0206,100,100,,,,,,,,0,,,1,1,1,1
njarts.net,,,-0.1776,100,100,,,,,,,,,,,1,1,1,1
mtstandard.com,,,-0.1776,100,100,,,,,,,,,,1,1,1,2,1
complianceweek.com,,,0.0924,100,100,,,,,,,,,,,1,1,1,1
slightlyviral.com,,,-0.0168,100,100,,,,,,,,,,,1,1,1,1
thedotclub.org,,,0.057,100,100,,,,,,,,,,,1,1,1,1
1027kord.com,,,-0.1356,100,100,,,,,,,,,,,1,1,1,1
democratherald.com,,,0.057,100,100,,,,,,,,,,1,1,1,2,1
vf.to,,,-0.1356,100,100,,,,,,,,,,,1,1,1,1
pcntv.com,,,-0.1776,100,100,,,,,,,,,,,1,1,1,1
nato.int,,,0.1269,100,100,,,,,,,,1,,,1,1,1,1
voice-tribune.com,,,-0.1776,100,100,,,,,,,,,,1,0,1,1,1
canonrumors.com,,,0.1269,100,100,,,,,,,1,,,,0,1,1,1
withoutbullshit.com,,,-0.1356,100,100,,,,,,,,,,,1,1,1,1
digitallife.today.com,,,0.0924,100,100,,,,,,,,,,,1,1,1,1
trtworld.com,,,-0.1671,100,100,,,,,,,,1,,,1,1,1,1
naharnet.com,,,-0.1248,100,100,,,,,,,,,,,1,1,1,1
philstar.com,,,-0.1671,100,100,,,,,,,,,,,1,1,1,1
coed.com,,,0.1734,100,100,,,,,,,1,,,,1,1,2,1
googledrive.blogspot.com,,,-0.005,100,100,,,,,,,,,,,1,1,1,1
technewsdaily.com,,,0.1396,100,100,,,,,,,,,,,1,1,1,1
goalcast.com,,,0.1734,200,100,,,,,,,,,,,1,1,1,1
kentuckynewera.com,,,0.1049,100,100,,,,,,,,,,1,1,1,2,1
heraldandnews.com,,,0.0693,200,100,,,,,,,,,,1,1,1,2,1
damn.com,,,0.0327,100,100,,,,,,,,,,,1,1,1,1
onm.gl,,,-0.1671,100,100,,,,,,,,,,,1,1,1,1
goodfoodpittsburgh.com,,,0.1734,100,100,,,,,,,,,,,1,1,1,1
redandblack.com,,,-0.005,100,100,,,,0,-0.5,,,,,1,1,1,2,1
netnewscheck.com,,,-0.1248,100,100,,,,,,,,,,,1,1,1,1
joe.co.uk,,,-0.0438,100,100,,,,,,,,1,,,1,1,1,1
seattlemag.com,,,-0.1248,100,100,,,,,,,,,,,1,1,1,1
global.handelsblatt.com,,,0.0819,100,100,,,,,,,,,,,1,1,1,1
undeadwalking.com,,,0.1866,200,100,,,,,,,,,,,1,1,1,1
yorkshirepost.co.uk,,,-0.1137,100,100,,,,,,,,,,,1,1,1,1
irishmirror.ie,,,-0.1137,100,100,,,,,,,,1,,,1,1,1,1
nycprgirls.com,,,-0.0723,100,100,,,,,,,,,,,1,1,1,1
cnet.com.au,,,-0.0723,100,100,,,,,,,,,,,1,1,1,1
newburyportnews.com,,,0.1527,100,100,,,,,,,,,,1,1,1,2,1
registerstar.com,,,-0.1564,100,100,,,,,,,,,,1,1,1,2,1
happiest.net,,,0.007,100,100,,,,,,,,,,,1,1,1,1
govhealthit.com,,,0.1178,100,100,,,,,,,,,,,1,1,1,1
on.wzzm.com,,,-0.032,100,100,,,,,,,,,,,1,1,1,1
hamptons.com,,,-0.1137,100,100,,,,,,,,,,,1,1,1,1
airandspace.si.edu,,,-0.1564,100,100,,,,,,,,0,,,1,1,1,1
adirondackdailyenterprise.com,,,-0.1454,100,100,,,,,,,,,,1,1,1,2,1
journal-news.com,,,0.0948,100,100,,,,,,,,,,1,1,1,2,1
007.com,,,0.0948,100,100,,,,,,,,0,,,1,1,1,1
acadianasthriftymom.com,,,0.0948,100,100,,,,,,,,,,,1,1,1,1
filmingcops.com,,,-0.1454,100,100,-0.389,,,,,,,,,,1,1,1,1
lifenews.ru,,,-0.1024,100,100,,,,,,,,,,,1,1,1,1
times-news.com,,,-0.02,100,100,,,,,,,,,,1,1,1,2,1
blogs.artvoice.com,,,0.0194,100,100,,,,,,,,,,,1,1,1,1
wicz.com,,,0.0948,200,100,,,,,,,,,,,1,1,1,1
kidney.org,,,-0.1024,100,100,,,,,,,,,,,1,1,1,1
todaynews.today.com,,,0.0576,100,100,,,,,,,,,,,1,1,1,1
hudsonvalley.news12.com,,,-0.02,100,100,,,,,,,,,,,1,1,1,1
thrashermagazine.com,,,-0.1024,100,100,,,,,,,,0,,,1,1,1,1
watoday.com.au,,,-0.0606,100,100,,,,,,,,,,,1,1,1,1
annarbor.com,,,-0.1899,100,100,,,,,,,,,1,,1,1,1,1
gazeta.ru,,,0.0576,100,100,,,,,,,,,,,1,1,1,1
greendayauthority.com,,,-0.1454,200,100,,,,,,,,0,,,1,1,1,1
listen.sdpb.org,,,0.1443,100,100,,,,,,,,,,,1,1,1,1
j-14.com,,,-0.0077,100,100,,,,,,,,1,,,1,1,1,1
guampdn.com,,,-0.0077,100,100,,,,,,,,,,,1,1,1,1
wane.com,,,0.1797,100,100,,,,,,,,,,1,1,1,2,1
planetgreen.discovery.com,,,-0.179,100,100,,,,,,,,,,,1,1,1,1
tampa.cbslocal.com,,,0.108,100,100,,,,,,,,,,,1,1,1,1
nacion.com,,,-0.1342,100,100,,,,,,,,,,,1,1,1,1
campaignasia.com,,,-0.1342,100,100,,,,,,,,,,,1,1,1,1
onmilwaukee.com,,,-0.0907,100,100,,,,,,,,,,,1,1,1,1
onlinesentinel.com,,,0.032,100,100,,,,,,,,,,,1,1,1,1
pressreleaserocket.net,,,0.0705,100,100,,,,,,,,,,,1,1,1,1
breakingnews.ie,,,-0.1342,100,100,,,,,,,,1,,,1,1,1,1
progressivegrocer.com,,,-0.0787,100,100,,,,,,,,,,,1,1,1,1
kosu.org,,,-0.0787,100,100,,,,,,,,,,,1,1,1,1
sneakershouts.com,,,-0.0362,100,100,,,,,,,,0,,,1,1,1,1
es-us.noticias.yahoo.com,,,-0.0362,100,100,,,,,,,,,,,1,1,1,1
interestingengineering.com,,,0.005,100,100,,,,,,,,,,,1,1,1,1
readwriteandreflect.blogspot.com,,,-0.1679,100,100,,,,,,,,,,,1,1,1,1
wrvo.org,,,-0.0787,100,100,,,,,,,,,,,1,1,1,1
arkansasbusiness.com,,,0.1937,100,100,,,,,,,,,,1,1,1,2,1
buckslocalnews.com,,,-0.0362,200,100,,,,,,,,,,,1,1,1,1
shelovesmagazine.com,,,0.1581,200,100,,,,,,,,,,,1,1,1,1
dancespirit.com,,,-0.1679,100,100,,,,,,,1,,,,0,1,1,1
crimefictionlover.com,,,0.1215,600,100,,,,,,,,,,,1,1,1,1
mychannel957.com,,,0.1215,100,100,,,,,,,,,,,1,1,1,1
newyorkfamily.com,,,-0.1226,100,100,,,,,,,,,,,1,1,1,1
itbusiness.ca,,,0.045,100,100,,,,,,,,,,,1,1,1,1
blueshirtbanter.com,,,0.1581,200,100,,,,,,,,1,,,1,1,1,1
netsdaily.com,,,-0.0787,100,100,,,,,,,,1,,,1,1,1,1
journaltimes.com,,,0.1937,100,100,,,,,,,,,,1,1,1,2,1
kmuw.org,,,0.045,200,100,,,,,,,,1,,,1,1,1,1
thissongslaps.com,,,0.045,100,100,,,,,,,,0,,,1,1,1,1
promotehorror.com,,,-0.1226,100,100,,,,,,,1,,,,0,1,1,1
i4u.com,,,-0.1564,100,100,,,,,,,,1,,,1,1,1,1
wyomingpublicmedia.org,,,-0.0665,700,100,,,,,,,,,,,1,1,1,1
kpax.com,,,-0.0236,100,100,,,,,,,,,,1,1,1,2,1
news.abs-cbn.com,,,-0.0665,100,100,,,,,,,1,,,,1,1,2,1
wallstreetinsanity.com,,,0.1353,100,100,,,,,,,,,,,1,1,1,1
irishnews.com,,,-0.1564,100,100,,,,,,,,,,,1,1,1,1
kesq.com,,,0.1353,100,100,,,,,,,,,,1,1,1,2,1
njtoday.net,,,-0.1107,100,100,,,,,,,,,,1,1,1,2,1
qtr.io,,,0.1722,100,100,,,,,,,,0,,,1,1,1,1
annistonstar.com,,,0.1353,100,100,,,,,,,,,,1,1,1,2,1
newsinfo.inquirer.net,,,-0.0665,100,100,,,,,,,,,,,1,1,1,1
ncnewsonline.com,,,0.0974,100,100,,,,,,,,,,1,1,1,2,1
elections.ap.org,,,-0.1446,100,100,,,,,,,,,,,1,1,1,1
geoawesomeness.com,,,-0.1446,100,100,,,,,,,,,,,1,1,1,1
en.mediamass.net,,,0.0313,100,100,,,,,,,1,,,,1,1,2,1
indiatoday.in,,,-0.0538,100,100,,,,,,,,1,,,1,1,1,1
idgconnect.com,,,-0.0538,100,100,,,,,,,,,,,1,1,1,1
holaciudad.com,,,-0.1446,800,100,,,,,,,,,,1,1,1,2,1
rise.global,,,0.1495,100,100,,,,,,,,,,,1,1,1,1
bizwest.com,,,0.0719,100,100,,,,,,,,,,1,1,1,2,1
elconfidencial.com,,,-0.1923,100,100,,,,,,,,,,,1,1,1,1
wn.com,,,0.0313,100,100,,,,,,,,,,,1,1,1,1
azpm.org,,,-0.1923,100,100,,,,,,,,,,1,0,1,1,1
nwcn.com,,,-0.0106,100,100,,,,,,,,,,,1,1,1,1
cleveland19.com,,,-0.0985,100,100,,,,,,,,1,,,1,1,1,1
krtv.com,,,0.0313,100,100,,,,,,,,,,1,1,1,2,1
flkeysnews.com,,,-0.0106,100,100,,,,,,,,,,1,1,1,2,1
timesofmalta.com,,,-0.1446,100,100,,,,,,,,,,,1,1,1,1
blogs.orlandoweekly.com,,,-0.1446,100,100,,,,,,,,,,,1,1,1,1
idealistrevolution.org,,,-0.0985,100,100,,,,,,,,,,,1,1,1,1
tribune-democrat.com,,,0.1113,100,100,,,,,,,,,,,1,1,1,1
newbernsj.com,,,-0.0538,100,100,,,,,,,,,,1,1,1,2,1
thisislondon.co.uk,,,-0.0985,100,100,,,,,,,,,,,1,1,1,1
cbf.org,,,-0.1923,100,100,,,,,,,,,,,1,1,1,1
kinston.com,,,-0.0538,100,100,,,,,,,,,,1,1,1,2,1
quotesoftheday.com,,,-0.0985,100,100,,,,,,,,,,,1,1,1,1
kspr.com,,,-0.0106,100,100,,,,,,,,,,1,1,1,2,1
copblock.org,,,-0.086,100,100,,,,,,,,,,,1,1,1,1
blog.simplejustice.us,,,-0.086,100,100,,,,,,,,,,,1,1,1,1
indianagazette.com,,,0.1641,100,100,,,,,,,,,,1,0,1,1,1
theworldlink.com,,,0.1256,100,100,,,,,,,,,,1,1,1,2,1
khaama.com,,,-0.1325,100,100,,,,,,,,,,,1,1,1,1
techin.asia,,,-0.0409,100,100,,,,,,,,,,,1,1,1,1
buzznet.com,,,-0.1325,200,100,,,,,,,,0,,,1,1,1,1
aikenstandard.com,,,0.1641,100,100,,,,,,,,,,1,1,1,2,1
news.buzzbuzzhome.com,,,0.1256,200,100,,,,,,,,,,,1,1,1,1
clapway.com,,,0.1641,100,100,,,,,,,1,,,,0,1,1,1
kpopstarz.com,,,-0.0409,2300,100,,,,,,,,,,,1,1,1,1
thereadingcafe.com,,,0.1256,200,100,,,,,,,,,,,1,1,1,1
rocksound.tv,,,-0.0409,100,100,,,,,,,,1,,,1,1,1,1
facebookstories.com,,,-0.086,100,100,,,,,,,,,,,1,1,1,1
yewnorktimes.com,,,0.0859,100,100,,,,,,,,0,,,1,1,1,1
recordnet.com,,,0.0859,100,100,,,,,,,,,,1,1,1,2,1
fox17online.com,,,0.0164,100,100,,,,,,,,,,1,1,1,2,1
pittsburghlive.com,,,-0.0276,100,100,,,,,,,,,,,1,1,1,1
wdhne.ws,,,0.0164,100,100,,,,,,,,,,,1,1,1,1
physiciansbriefing.com,,,-0.073,100,100,,,,,,,,,,,1,1,1,1
movietvtechgeeks.com,,,-0.1201,100,100,,,,,,,,1,,,1,1,1,1
prodavinci.com,,,-0.1687,200,100,,,,,,,,,,,1,1,1,1
dailyillini.com,,,-0.073,100,100,,,,,,,,,,1,1,1,2,1
extras.denverpost.com,,,-0.1687,100,100,,,,,,,,,,,1,1,1,1
13wmaz.com,,,0.059,200,100,,,,,,,,,,1,1,1,2,1
march-against-monsanto.com,,,-0.1687,100,100,,,,,,,,,,,1,1,1,1
delawaretoday.com,,,0.0164,100,100,,,,,,,,,,1,1,1,2,1
rocklandtimes.com,,,0.1003,300,100,,,,,,,,,,1,1,1,2,1
testtryresults.blogspot.com,,,0.179,100,100,,,,,,,,,,,1,1,1,1
bring.mn,,,0.059,100,100,,,,,,,,,,,1,1,1,1
thelocal.no,,,-0.0276,100,100,,,,,,,,,,,1,1,1,1
amusingplanet.com,,,-0.1687,100,100,,,,,,,,,,,1,1,1,1
themindsjournal.com,,,-0.1201,100,100,,,,,,,,,,,1,1,1,1
tristatehomepage.com,,,0.059,100,100,,,,,,,,,,1,1,1,2,1
maduradas.com,,,0.1003,100,100,,,,,,,,,,,1,1,1,1
gpb.org,,,0.1403,100,100,,,,,,,,,,1,1,0,2,1
sandiego6.com,,,0.1003,100,100,,,,,,,,,,1,1,1,2,1
royal.uk,,,0.1003,100,100,,,,,,,,0,,,1,1,1,1
dallas.culturemap.com,,,-0.0276,100,100,,,,,,,,,,,1,1,1,1
live.tampabay.com,,,0.115,100,100,,,,,,,,,,,1,1,1,1
630wpro.com,,,0.0305,100,100,,,,,,,,,,,1,1,1,1
readfrontier.com,,,-0.0598,100,100,,,,,,,,,,,1,1,1,1
techly.com.au,,,-0.0598,100,100,,,,,,,,,,,1,1,1,1
citynews.ca,,,-0.1564,100,100,,,,,,,,,,,1,1,1,1
heraldcourier.com,,,0.115,100,100,,,,,,,,,,1,1,1,2,1
mobilesyrup.com,,,0.0735,100,100,,,,,,,,1,,,1,1,1,1
greatleadershipbydan.com,,,0.1553,100,100,,,,,,,,,,,1,1,1,1
inventorspot.com,,,0.0735,400,100,,,,,,,,,,,1,1,1,1
mb.ntd.tv,,,0.0735,100,100,,,,,,,,,,,1,1,1,1
in5d.com,,,0.0735,100,100,,,,,,,,,,,1,1,1,1
lenta.ru,,,-0.0139,100,100,,,,,,,,,,,1,1,1,1
njbmagazine.com,,,0.1944,200,100,,,,,,,,,,,1,1,1,1
partners.eater.com,,,0.0735,100,100,,,,,,,,,,,1,1,1,1
betakit.com,,,-0.1564,100,100,,,,,,,,,,,1,1,1,1
kitsapsun.com,,,0.1944,100,100,,,,,,,,,,1,1,1,2,1
thegadgetflow.com,,,0.0883,100,100,,,,,,,,0,,,1,1,1,1
asheepnomore.net,,,0.1302,100,100,,,,,,,,,,,1,1,1,1
hamptons-magazine.com,,,-0.1437,200,100,,,,,,,,,,,1,1,1,1
phl17.com,,,0.045,100,100,,,,,,,,,,1,1,1,2,1
fiercehealthfinance.com,,,-0.0461,200,100,,,,,,,,,,,1,1,1,1
alpha.app.net,,,-0.1952,100,100,,,,,,,,,,,1,1,1,1
f4wonline.com,,,0.0002,100,100,,,,,,,,1,,,1,1,1,1
news.cgtn.com,,,-0.1952,100,100,,,,,,,,1,,,1,1,1,1
kfoxtv.com,,,0.1708,100,100,,,,,,,,,,1,1,1,2,1
sci-tech-today.com,,,0.1708,100,100,,,,,,,,,,,1,1,1,1
wtoc.com,,,0.0883,100,100,,,,,,,,1,,,1,1,1,1
animaltracks.today.msnbc.msn.com,,,-0.0461,100,100,,,,,,,,,,,1,1,1,1
wjhl.com,,,0.1708,700,100,,,,,,,,,,1,1,1,2,1
southbmore.com,,,-0.1952,200,100,,,,,,,,,,,1,1,1,1
thespinoff.co.nz,,,-0.1952,100,100,,,,,,,,1,,,1,1,1,1
theconversation.edu.au,,,-0.1952,100,100,,,,,,,,,,,1,1,1,1
v.aa.com.tr,,,-0.0461,100,100,,,,,,,,0,,,1,1,1,1
northcountrynow.com,,,-0.032,100,50,,,,,,,,,,1,1,1,2,1
redding.com,,,0.1458,100,50,,,,,,,,,,1,1,1,2,1
ncpublicschools.org,,,0.1035,100,50,,,,,,,,,,,1,1,1,1
theclicker.today.msnbc.msn.com,,,-0.0805,100,50,,,,,,,,,,,1,1,1,1
asu.edu,,,0.1458,100,50,,,,,,,,,,1,0,1,1,1
waltermagazine.com,,,-0.1827,100,50,,,,,,,,,,,1,1,1,1
orlandodatenightguide.com,,,0.1458,100,50,,,,,,,,,,,1,1,1,1
emgn.com,,,-0.032,100,50,,,,,,,,,,,1,1,1,1
waste360.com,,,-0.032,100,50,,,,,,,,,,,1,1,1,1
americancityandcounty.com,,,0.0147,100,50,,,,,,,,,,,1,1,1,1
cmap.it,,,-0.0805,100,50,,,,,,,,,,,1,1,1,1
tropicaltidbits.com,,,0.1458,100,50,,,,,,,,,,,1,1,1,1
hsus.typepad.com,,,-0.0805,100,50,,,,,,,,,,,1,1,1,1
wilsontimes.com,,,0.0599,100,50,,,,,,,,,,1,1,1,2,1
photos.syracuse.com,,,0.0147,100,50,,,,,,,,,,,1,1,1,1
antiwar.com,,,-0.0805,100,50,,,,,,,,,,,1,1,1,1
wlbz2.com,,,-0.032,100,50,,,,,,,,,,1,1,1,2,1
straightdope.com,,,-0.1306,100,50,,,,,,,,,,,1,1,1,1